Drug_ID,Drug,Y,mol,mol_wt,logp,hba,hbd,tpsa,num_rot_bonds,num_het_atoms,num_heavy_atoms,num_rings,fsp3
CHEMBL1754,CCN1CC(CCN2CCOCC2)C(c2ccccc2)(c2ccccc2)C1=O,4.1,<rdkit.Chem.rdchem.Mol object at 0x0000023A54A8B3F0>,378.516,3.1733,3,0,32.78,6,4,28,4,0.458333333
CHEMBL1484,COC(=O)C1=C(C)NC(C)=C(C(=O)OCCN(C)Cc2ccccc2)C1c1cccc([N+](=O)[O-])c1,4.1,<rdkit.Chem.rdchem.Mol object at 0x0000023A54A8B390>,479.533,3.6778,8,1,111.01,9,9,35,3,0.307692308
CHEMBL1097,CCN(CC)CCNC(=O)c1ccc(NC(C)=O)cc1,6.4,<rdkit.Chem.rdchem.Mol object at 0x0000023A54A8B210>,277.368,1.7166,3,2,61.44,7,5,20,1,0.466666667
CHEMBL517712,CN1[C@H]2CC[C@@H]1C[C@H](OC(=O)C(CO)c1ccccc1)C2,4.1,<rdkit.Chem.rdchem.Mol object at 0x0000023A54A8B330>,289.375,1.9309,4,1,49.77,4,4,21,3,0.588235294
CHEMBL469,O=C(c1ccccc1)c1ccc2n1CCC2C(=O)O,5.1,<rdkit.Chem.rdchem.Mol object at 0x0000023A54A8B2D0>,255.273,2.291,3,1,59.3,3,4,19,3,0.2
CHEMBL521589,CN(C)C(=O)Oc1cc(OC(=O)N(C)C)cc(C(O)CNC(C)(C)C)c1,2.6,<rdkit.Chem.rdchem.Mol object at 0x0000023A54A8B090>,367.446,2.2289,6,2,91.34,5,8,26,1,0.555555556
CHEMBL1055,NS(=O)(=O)c1cc(C2(O)NC(=O)c3ccccc32)ccc1Cl,36,<rdkit.Chem.rdchem.Mol object at 0x0000023A54A8B1B0>,338.772,0.9242,4,3,109.49,2,8,22,3,0.071428571
CHEMBL571,CC(C(=O)O)c1cccc(C(=O)c2ccccc2)c1,2.1,<rdkit.Chem.rdchem.Mol object at 0x0000023A5B70FF30>,254.285,3.1057,2,1,54.37,4,3,19,2,0.125
CHEMBL631,CCCNCC(O)COc1ccccc1C(=O)CCc1ccccc1,2.1,<rdkit.Chem.rdchem.Mol object at 0x0000023A5B714390>,341.451,3.2414,4,2,58.56,11,4,25,2,0.380952381
CHEMBL296035,CCc1cccc2cc(C(O)CNC(C)(C)C)oc12,2.3,<rdkit.Chem.rdchem.Mol object at 0x0000023A5B7140F0>,261.365,3.4167,3,2,45.4,4,3,19,2,0.5
CHEMBL1496,CC(C)c1nc(N(C)S(C)(=O)=O)nc(-c2ccc(F)cc2)c1/C=C/[C@@H](O)C[C@@H](O)CC(=O)O,2,<rdkit.Chem.rdchem.Mol object at 0x0000023A5B7144B0>,481.546,2.4017,7,3,140.92,10,11,33,2,0.409090909
CHEMBL108111,N=C(N)c1ccc(C(=O)N[C@@H](Cc2ccc(O)cc2)C(=O)N2CCC(OCC(=O)O)CC2)cc1,2.1,<rdkit.Chem.rdchem.Mol object at 0x0000023A5B714270>,468.51,1.10957,6,5,166.04,9,10,34,3,0.333333333
CHEMBL84,CC[C@@]1(O)C(=O)OCc2c1cc1n(c2=O)Cc2cc3c(CN(C)C)c(O)ccc3nc2-1,2.3,<rdkit.Chem.rdchem.Mol object at 0x0000023A5B7143F0>,421.453,1.8468,8,2,104.89,3,8,31,5,0.347826087
CHEMBL1504,CC1(C)O[C@@H]2C[C@H]3[C@@H]4CCC5=CC(=O)C=C[C@]5(C)[C@@]4(F)[C@@H](O)C[C@]3(C)[C@]2(C(=O)CO)O1,2.4,<rdkit.Chem.rdchem.Mol object at 0x0000023A5B714210>,434.504,2.4188,6,2,93.06,2,7,31,5,0.75
CHEMBL266195,C=CCc1ccccc1OCC(O)CNC(C)C,2.5,<rdkit.Chem.rdchem.Mol object at 0x0000023A5B7142D0>,249.354,2.1528,3,2,41.49,8,3,18,1,0.466666667
CHEMBL646,Cc1nnc2n1-c1ccc(Cl)cc1C(c1ccccc1Cl)=NC2,2.7,<rdkit.Chem.rdchem.Mol object at 0x0000023A5B714030>,343.217,4.23352,4,0,43.07,1,6,23,4,0.117647059
CHEMBL56564,CN1[C@H]2CC[C@@H]1C[C@H](OC(=O)c1c[nH]c3ccccc13)C2,5.6,<rdkit.Chem.rdchem.Mol object at 0x0000023A5B714570>,284.359,2.9499,3,1,45.33,2,4,21,4,0.470588235
CHEMBL297302,O=C(CCCN1CCC(n2c(O)nc3ccccc32)CC1)c1ccc(F)cc1,5.8,<rdkit.Chem.rdchem.Mol object at 0x0000023A5B714630>,381.451,4.181,5,1,58.36,6,6,28,4,0.363636364
CHEMBL434,CC(C)NCC(O)c1ccc(O)c(O)c1,0.41,<rdkit.Chem.rdchem.Mol object at 0x0000023A5B714690>,211.261,1.1292,4,4,72.72,4,4,15,1,0.454545455
CHEMBL135400,CN1CCN(C(=O)OC2c3nccnc3C(=O)N2c2ccc(Cl)cn2)CC1,5.2,<rdkit.Chem.rdchem.Mol object at 0x0000023A5B714750>,388.815,1.568,7,0,91.76,2,10,27,4,0.352941176
CHEMBL459,C[C@](N)(Cc1ccc(O)c(O)c1)C(=O)O,5.9,<rdkit.Chem.rdchem.Mol object at 0x0000023A5B7147B0>,211.217,0.4423,4,4,103.78,3,5,15,1,0.3
CHEMBL54,O=C(CCCN1CCC(O)(c2ccc(Cl)cc2)CC1)c1ccc(F)cc1,35,<rdkit.Chem.rdchem.Mol object at 0x0000023A5B714810>,375.871,4.4256,3,1,40.54,6,5,26,3,0.380952381
CHEMBL417,COc1cccc2c1C(=O)c1c(O)c3c(c(O)c1C2=O)C[C@@](O)(C(=O)CO)C[C@@H]3O[C@H]1C[C@H](N)[C@@H](O)[C@H](C)O1,36,<rdkit.Chem.rdchem.Mol object at 0x0000023A5B714870>,543.525,0.0013,12,6,206.07,5,12,39,5,0.444444444
CHEMBL674,CCC(CC)O[C@@H]1C=C(C(=O)O)C[C@H](N)[C@H]1NC(C)=O,1.8,<rdkit.Chem.rdchem.Mol object at 0x0000023A5B7148D0>,284.356,0.8069,4,3,101.65,6,6,20,1,0.714285714
CHEMBL27,CC(C)NCC(O)COc1cccc2ccccc12,3.4,<rdkit.Chem.rdchem.Mol object at 0x0000023A5B714930>,259.349,2.5775,3,2,41.49,6,3,19,2,0.375
CHEMBL1095284,N[C@@H](C(=O)N[C@@H]1C(=O)N2C(C(=O)O)=C(CSc3c[nH]nn3)CS[C@H]12)c1ccc(O)cc1,1.2,<rdkit.Chem.rdchem.Mol object at 0x0000023A5B714990>,462.513,0.041,9,5,174.53,7,13,31,4,0.277777778
CHEMBL7413,C=CCC1(C(C)C#CCC)C(=O)NC(=O)N(C)C1=O,1.6,<rdkit.Chem.rdchem.Mol object at 0x0000023A5B7149F0>,262.309,1.3066,3,1,66.48,3,5,19,1,0.5
CHEMBL1073,Cc1cnc(C(=O)NCCc2ccc(S(=O)(=O)NC(=O)NC3CCCCC3)cc2)cn1,3.3,<rdkit.Chem.rdchem.Mol object at 0x0000023A5B714AB0>,445.545,2.07812,6,3,130.15,7,10,31,3,0.428571429
CHEMBL897,CCCN(CCC)S(=O)(=O)c1ccc(C(=O)O)cc1,5.9,<rdkit.Chem.rdchem.Mol object at 0x0000023A5B714B10>,285.365,2.1955,3,1,74.68,7,6,19,1,0.461538462
CHEMBL643,CC(CN1c2ccccc2Sc2ccccc21)N(C)C,14,<rdkit.Chem.rdchem.Mol object at 0x0000023A5B714BD0>,284.428,4.2394,3,0,6.48,3,3,20,3,0.294117647
CHEMBL1565476,CCCC1C(=O)N2C(N(C)C)=Nc3ccc(C)cc3N2C1=O,17,<rdkit.Chem.rdchem.Mol object at 0x0000023A5B714C30>,300.362,2.06422,4,0,56.22,2,6,22,3,0.4375
CHEMBL1471,C[C@@H](O[C@H]1OCCN(Cc2n[nH]c(=O)[nH]2)[C@H]1c1ccc(F)cc1)c1cc(C(F)(F)F)cc(C(F)(F)F)c1,13,<rdkit.Chem.rdchem.Mol object at 0x0000023A5B714C90>,534.432,4.9521,5,2,83.24,6,14,37,4,0.391304348
CHEMBL192,CCCc1nn(C)c2c(=O)[nH]c(-c3cc(S(=O)(=O)N4CCN(C)CC4)ccc3OCC)nc12,3.9,<rdkit.Chem.rdchem.Mol object at 0x0000023A5B714CF0>,474.587,1.6109,8,1,113.42,7,11,33,4,0.5
CHEMBL551786,Cc1cccc(C)c1NC(=O)NCCCNC(C)C,5,<rdkit.Chem.rdchem.Mol object at 0x0000023A5B714D50>,263.385,2.81304,2,3,53.16,6,4,19,1,0.533333333
CHEMBL826,CCn1cc(C(=O)O)c(=O)c2cc(F)c(N3CCNCC3)nc21,5.1,<rdkit.Chem.rdchem.Mol object at 0x0000023A5B714DB0>,320.324,0.6633,6,2,87.46,3,8,23,3,0.4
CHEMBL852,N[C@@H](Cc1ccc(N(CCCl)CCCl)cc1)C(=O)O,1,<rdkit.Chem.rdchem.Mol object at 0x0000023A5B714E10>,305.205,1.925,3,2,66.56,8,6,19,1,0.461538462
CHEMBL1213252,O=C(O)C1N=C(c2ccccc2)c2cc(Cl)ccc2NC1=O,2.4,<rdkit.Chem.rdchem.Mol object at 0x0000023A5B714E70>,314.728,2.5827,3,2,78.76,2,6,22,3,0.0625
CHEMBL655,Cc1ncc2n1-c1ccc(Cl)cc1C(c1ccccc1F)=NC2,3.1,<rdkit.Chem.rdchem.Mol object at 0x0000023A5B714ED0>,325.774,4.32422,3,0,30.18,1,5,23,4,0.111111111
CHEMBL513301,COc1cc2c(N)nc(N3CCN(C(=O)OCC(C)(C)O)CC3)nc2c(OC)c1OC,3.1,<rdkit.Chem.rdchem.Mol object at 0x0000023A5B714F30>,435.481,1.2673,10,2,132.5,6,11,31,3,0.55
CHEMBL778,Cc1cccc([C@H](C)c2c[nH]cn2)c1C,2.2,<rdkit.Chem.rdchem.Mol object at 0x0000023A5B714F90>,200.285,3.17834,1,1,28.68,2,2,15,2,0.307692308
CHEMBL3301800,CC=CC1=C(C(=O)O)N2C(=O)[C@@H](NC(=O)[C@H](N)c3ccc(O)cc3)[C@H]2SC1,1.2,<rdkit.Chem.rdchem.Mol object at 0x0000023A5B716030>,389.433,0.7067,6,4,132.96,5,9,27,3,0.277777778
CHEMBL1614656,CCC(CC)COC(C(=O)OCCN(C)C)(c1ccccc1)c1ccccc1,34,<rdkit.Chem.rdchem.Mol object at 0x0000023A5B716090>,383.532,4.4878,4,0,38.77,11,4,28,2,0.458333333
CHEMBL1117,CC(=O)[C@]1(O)Cc2c(O)c3c(c(O)c2[C@@H](O[C@H]2C[C@H](N)[C@H](O)[C@H](C)O2)C1)C(=O)c1ccccc1C3=O,16,<rdkit.Chem.rdchem.Mol object at 0x0000023A5B716150>,497.5,1.0203,10,5,176.61,3,10,36,5,0.423076923
CHEMBL423,CC(C)NCC(O)COc1ccc(CCOCC2CC2)cc1,17,<rdkit.Chem.rdchem.Mol object at 0x0000023A5B716270>,307.434,2.3934,4,2,50.72,11,4,22,2,0.666666667
CHEMBL119,COc1cc(NCc2ccc3nc(N)nc(N)c3c2C)cc(OC)c1OC,17,<rdkit.Chem.rdchem.Mol object at 0x0000023A5B7162D0>,369.425,2.74052,8,3,117.54,6,8,27,3,0.263157895
CHEMBL505,CN(C)CCC(c1ccc(Cl)cc1)c1ccccn1,22,<rdkit.Chem.rdchem.Mol object at 0x0000023A5B716330>,274.795,3.8186,2,0,16.13,5,3,19,2,0.3125
CHEMBL11,CN(C)CCCN1c2ccccc2CCc2ccccc21,16,<rdkit.Chem.rdchem.Mol object at 0x0000023A5B7163F0>,280.415,3.875,2,0,6.48,4,2,21,3,0.368421053
CHEMBL1464,CC(=O)CC(c1ccccc1)c1c(O)c2ccccc2oc1=O,29,<rdkit.Chem.rdchem.Mol object at 0x0000023A5B716510>,308.333,3.6096,4,1,67.51,4,4,23,3,0.157894737
CHEMBL11672,CN(C(=O)c1c(O)c2ccccc2n(C)c1=O)c1ccccc1,31,<rdkit.Chem.rdchem.Mol object at 0x0000023A5B7165D0>,308.337,2.5207,4,1,62.54,2,5,23,3,0.111111111
CHEMBL20,CC(=O)Nc1nnc(S(N)(=O)=O)s1,13,<rdkit.Chem.rdchem.Mol object at 0x0000023A5B716690>,222.251,-0.8561,6,2,115.04,2,9,13,1,0.25
CHEMBL248702,CCN[C@@H](C)Cc1cccc(C(F)(F)F)c1,14,<rdkit.Chem.rdchem.Mol object at 0x0000023A5B716750>,231.261,3.2459,1,1,12.03,4,4,16,1,0.5
CHEMBL275528,c1ccc(C2(N3CCCCC3)CCCCC2)cc1,16,<rdkit.Chem.rdchem.Mol object at 0x0000023A5B716810>,243.394,4.3319,1,0,3.24,2,1,18,3,0.647058824
CHEMBL72,CNCCCN1c2ccccc2CCc2ccccc21,22,<rdkit.Chem.rdchem.Mol object at 0x0000023A5B716870>,266.388,3.5328,2,1,15.27,4,2,20,3,0.333333333
CHEMBL1422,N[C@@H](CC(=O)N1CCn2c(nnc2C(F)(F)F)C1)Cc1cc(F)c(F)cc1F,12,<rdkit.Chem.rdchem.Mol object at 0x0000023A5B7168D0>,407.318,2.0165,5,1,77.04,4,12,28,3,0.4375
CHEMBL850,C[C@H]1CN(c2c(F)c(N)c3c(=O)c(C(=O)O)cn(C4CC4)c3c2F)C[C@@H](C)N1,20,<rdkit.Chem.rdchem.Mol object at 0x0000023A5B716930>,392.406,2.0816,6,3,100.59,3,9,28,4,0.473684211
CHEMBL651,CCC(=O)C(CC(C)N(C)C)(c1ccccc1)c1ccccc1,31,<rdkit.Chem.rdchem.Mol object at 0x0000023A5B7169F0>,309.453,4.292,2,0,20.31,7,2,23,2,0.380952381
CHEMBL1433,C[C@H]1c2cccc(O)c2C(=O)C2=C(O)[C@]3(O)C(=O)C(C(N)=O)=C(O)[C@@H](N(C)C)[C@@H]3[C@@H](O)[C@@H]21,14,<rdkit.Chem.rdchem.Mol object at 0x0000023A5B716A50>,444.44,-0.3476,9,6,181.62,2,10,32,4,0.409090909
CHEMBL87543,CC(C)N1CCC(N(C(=O)Cc2ccccc2)c2ccc(Cl)cc2)CC1,6.5,<rdkit.Chem.rdchem.Mol object at 0x0000023A5B716AB0>,370.924,4.7885,2,0,23.55,5,4,26,3,0.409090909
CHEMBL1560,C[C@H](CS)C(=O)N1CCC[C@H]1C(=O)O,2,<rdkit.Chem.rdchem.Mol object at 0x0000023A5B716C30>,217.29,0.6279,3,2,57.61,3,5,14,1,0.777777778
CHEMBL75753,O=C(NCCNCC(O)COc1ccc(O)cc1)N1CCOCC1,7.7,<rdkit.Chem.rdchem.Mol object at 0x0000023A5B716C90>,339.392,-0.2367,6,4,103.29,8,8,24,2,0.5625
CHEMBL13,COCCc1ccc(OCC(O)CNC(C)C)cc1,3.6,<rdkit.Chem.rdchem.Mol object at 0x0000023A5B716CF0>,267.369,1.6132,4,2,50.72,9,4,19,1,0.6
CHEMBL581,O=C(O)[C@@H]1C[C@@H](C2CCCCC2)CN1C(=O)CP(=O)(O)CCCCc1ccccc1,9.4,<rdkit.Chem.rdchem.Mol object at 0x0000023A5B716D50>,435.501,4.1617,3,2,94.91,9,7,30,3,0.652173913
CHEMBL1440,CN(C)[C@@H]1C(O)=C(C(N)=O)C(=O)[C@@]2(O)C(O)=C3C(=O)c4c(O)cccc4[C@@](C)(O)[C@H]3C[C@@H]12,9.4,<rdkit.Chem.rdchem.Mol object at 0x0000023A5B716DB0>,444.44,-0.2144,9,6,181.62,2,10,32,4,0.409090909
CHEMBL1481,CCC1=C(C)CN(C(=O)NCCc2ccc(S(=O)(=O)NC(=O)N[C@H]3CC[C@H](C)CC3)cc2)C1=O,9.95,<rdkit.Chem.rdchem.Mol object at 0x0000023A5B716E10>,490.626,3.074,5,3,124.68,7,10,34,3,0.541666667
CHEMBL7728,CN1C(=O)NC(=O)C(C)(C2=CCCCC2)C1=O,4.9,<rdkit.Chem.rdchem.Mol object at 0x0000023A5B716E70>,236.271,1.2013,3,1,66.48,1,5,17,2,0.583333333
CHEMBL14370,CCOc1ccccc1OC(c1ccccc1)C1CNCCO1,10,<rdkit.Chem.rdchem.Mol object at 0x0000023A5B716ED0>,313.397,3.1938,4,1,39.72,6,4,23,3,0.368421053
CHEMBL1730,CO/N=C(\C(=O)N[C@@H]1C(=O)N2C(C(=O)O)=C(COC(C)=O)CS[C@H]12)c1csc(N)n1,1.2,<rdkit.Chem.rdchem.Mol object at 0x0000023A5B716F30>,455.474,-0.6225,11,3,173.51,7,14,30,3,0.375
CHEMBL1599,CC(=O)OCC1=C(C(=O)O)N2C(=O)[C@@H](NC(=O)CSc3ccncc3)[C@H]2SC1,1.2,<rdkit.Chem.rdchem.Mol object at 0x0000023A5B716F90>,423.472,0.4754,8,2,125.9,7,11,28,3,0.352941176
CHEMBL623,CCc1nn(CCCN2CCN(c3cccc(Cl)c3)CC2)c(=O)n1CCOc1ccccc1,1.2,<rdkit.Chem.rdchem.Mol object at 0x0000023A5B715030>,470.017,3.5519,7,0,55.53,10,8,33,4,0.44
CHEMBL1614652,O=C1c2ccccc2S(=O)(=O)N1CCCCNC[C@H]1CCc2ccccc2O1,1.2,<rdkit.Chem.rdchem.Mol object at 0x0000023A5B7150F0>,400.5,2.5947,5,1,75.71,7,7,28,4,0.380952381
CHEMBL1679,Nc1nc(=O)c2c([nH]1)NCC(CNc1ccc(C(=O)N[C@@H](CCC(=O)O)C(=O)O)cc1)N2C=O,1.3,<rdkit.Chem.rdchem.Mol object at 0x0000023A5B715150>,473.446,-0.7311,9,7,219.84,10,14,34,3,0.3
CHEMBL1428,COCCOC(=O)C1=C(C)NC(C)=C(C(=O)OC(C)C)C1c1cccc([N+](=O)[O-])c1,1.3,<rdkit.Chem.rdchem.Mol object at 0x0000023A5B7151B0>,418.446,2.9708,8,1,117,8,9,30,2,0.428571429
CHEMBL1460,O=c1[nH]cnc2c1ncn2[C@H]1CC[C@@H](CO)O1,1.4,<rdkit.Chem.rdchem.Mol object at 0x0000023A5B715210>,236.231,-0.2105,6,2,93.03,2,7,17,3,0.5
CHEMBL32,COc1c(N2C[C@@H]3CCCN[C@@H]3C2)c(F)cc2c(=O)c(C(=O)O)cn(C3CC3)c12,8.2,<rdkit.Chem.rdchem.Mol object at 0x0000023A5B7152D0>,401.438,2.3705,6,2,83.8,4,8,29,5,0.523809524
CHEMBL475534,CCOC(=O)C1=C(C)NC(C)=C(C(=O)OC)C1c1cccc([N+](=O)[O-])c1,8.2,<rdkit.Chem.rdchem.Mol object at 0x0000023A5B715330>,360.366,2.5657,7,1,107.77,5,8,26,2,0.333333333
CHEMBL6273,CN1CCN(c2c(F)cc3c(=O)c(C(=O)O)cn(CCF)c3c2F)CC1,8.6,<rdkit.Chem.rdchem.Mol object at 0x0000023A5B715390>,369.343,1.6992,5,1,65.78,4,9,26,3,0.411764706
CHEMBL611,COc1cc2nc(N3CCN(C(=O)C4CCCO4)CC3)nc(N)c2cc1OC,9,<rdkit.Chem.rdchem.Mol object at 0x0000023A5B7153F0>,387.44,1.0568,8,1,103.04,4,9,28,4,0.526315789
CHEMBL33986,Oc1ccc2c(c1)[C@@]13CCCC[C@@]1(O)[C@@H](C2)N(CC1CCC1)CC3,4.8,<rdkit.Chem.rdchem.Mol object at 0x0000023A5B7154B0>,327.468,3.3656,3,2,43.7,2,3,24,5,0.714285714
CHEMBL141,Nc1ccn([C@@H]2CS[C@H](CO)O2)c(=O)n1,9.1,<rdkit.Chem.rdchem.Mol object at 0x0000023A5B715570>,229.261,-0.5941,7,2,90.37,2,7,15,2,0.5
CHEMBL1480,CCOC(=O)C1=C(C)NC(C)=C(C(=O)OC)C1c1cccc(Cl)c1Cl,10,<rdkit.Chem.rdchem.Mol object at 0x0000023A5B7155D0>,384.259,3.9643,5,1,64.63,4,7,25,2,0.333333333
CHEMBL31,COc1c(N2CCNC(C)C2)c(F)cc2c(=O)c(C(=O)O)cn(C3CC3)c12,10,<rdkit.Chem.rdchem.Mol object at 0x0000023A5B715630>,375.4,1.9804,6,2,83.8,4,8,27,4,0.473684211
CHEMBL53292,Cc1cc(NC(=O)C2=C(O)c3ccccc3S(=O)(=O)N2C)no1,33,<rdkit.Chem.rdchem.Mol object at 0x0000023A5B715690>,335.341,1.48242,6,2,112.74,2,9,23,3,0.142857143
CHEMBL939,COc1cc2ncnc(Nc3ccc(F)c(Cl)c3)c2cc1OCCCN1CCOCC1,34,<rdkit.Chem.rdchem.Mol object at 0x0000023A5B7156F0>,446.91,4.2756,7,1,68.74,8,9,31,4,0.363636364
CHEMBL1434,CN(C)c1ccc(O)c2c1C[C@H]1C[C@H]3[C@H](N(C)C)C(O)=C(C(N)=O)C(=O)[C@@]3(O)C(O)=C1C2=O,17,<rdkit.Chem.rdchem.Mol object at 0x0000023A5B715750>,457.483,0.1866,9,5,164.63,3,10,33,4,0.434782609
CHEMBL1908351,Cc1cnc(NCCCN(C)C)c2c1[nH]c1ccc3cc(O)ccc3c12,19,<rdkit.Chem.rdchem.Mol object at 0x0000023A5B7157B0>,348.45,4.24692,4,3,64.18,5,5,26,4,0.285714286
CHEMBL490,Fc1ccc([C@@H]2CCNC[C@H]2COc2ccc3c(c2)OCO3)cc1,13,<rdkit.Chem.rdchem.Mol object at 0x0000023A5B7158D0>,329.371,3.3265,4,1,39.72,4,5,24,4,0.368421053
CHEMBL86304,O=C(NCCN1CCOCC1)c1ccc(Cl)cc1,1.5,<rdkit.Chem.rdchem.Mol object at 0x0000023A5B715930>,268.744,1.402,3,1,41.57,4,5,18,2,0.461538462
CHEMBL86,CCN(CC)CCNC(=O)c1cc(Cl)c(N)cc1OC,7.2,<rdkit.Chem.rdchem.Mol object at 0x0000023A5B715990>,299.802,2.0024,4,2,67.59,7,6,20,1,0.5
CHEMBL723,COc1ccccc1OCCNCC(O)COc1cccc2[nH]c3ccccc3c12,2.4,<rdkit.Chem.rdchem.Mol object at 0x0000023A5B715AB0>,406.482,3.738,5,3,75.74,10,6,30,4,0.25
CHEMBL1219,COCCCOc1ccnc(C[S+]([O-])c2nc3ccccc3[nH]2)c1C,1,<rdkit.Chem.rdchem.Mol object at 0x0000023A5B715B10>,359.451,2.98942,5,1,83.09,8,7,25,3,0.333333333
CHEMBL60542,CC(C)=CCN1CC[C@]2(C)c3cc(O)ccc3C[C@H]1[C@H]2C,2.5,<rdkit.Chem.rdchem.Mol object at 0x0000023A5B715B70>,285.431,3.8826,2,1,23.47,2,2,21,3,0.578947368
CHEMBL1256734,CC1(C)S[C@@H]2[C@H](NC(=O)C(c3ccccc3)S(=O)(=O)O)C(=O)N2[C@H]1C(=O)O,1.2,<rdkit.Chem.rdchem.Mol object at 0x0000023A5B715BD0>,414.461,0.2472,6,3,141.08,5,11,27,3,0.4375
CHEMBL328250,CN(C)Cc1nnc2n1-c1ccc(Cl)cc1C(c1ccccc1)=NC2,2.1,<rdkit.Chem.rdchem.Mol object at 0x0000023A5B715C30>,351.841,3.3333,5,0,46.31,3,6,25,4,0.210526316
CHEMBL2051955,C[C@@H]1CC(=O)NN=C1c1ccc(NN=C(C#N)C#N)cc1,1.1,<rdkit.Chem.rdchem.Mol object at 0x0000023A5B715C90>,280.291,1.36176,6,2,113.43,3,7,21,2,0.214285714
CHEMBL742,CNC1(c2ccccc2Cl)CCCCC1=O,2.8,<rdkit.Chem.rdchem.Mol object at 0x0000023A5B715CF0>,237.73,2.8978,2,1,29.1,2,3,16,2,0.461538462
CHEMBL1237,NCCCC[C@H](N[C@@H](CCc1ccccc1)C(=O)O)C(=O)N1CCC[C@H]1C(=O)O,42,<rdkit.Chem.rdchem.Mol object at 0x0000023A5B715D50>,405.495,1.2352,5,4,132.96,12,8,29,2,0.571428571
CHEMBL34139,C[C@H]([C@](O)(Cn1cncn1)c1ccc(F)cc1F)S(C)(=O)=O,49,<rdkit.Chem.rdchem.Mol object at 0x0000023A5B715DB0>,331.344,0.8772,6,1,85.08,5,9,22,2,0.384615385
CHEMBL21731,CNCCCC12CCC(c3ccccc31)c1ccccc12,51,<rdkit.Chem.rdchem.Mol object at 0x0000023A5B715E70>,277.411,4.2114,1,1,12.03,4,1,21,5,0.4
CHEMBL58,O=C1c2c(O)ccc(O)c2C(=O)c2c(NCCNCCO)ccc(NCCNCCO)c21,53,<rdkit.Chem.rdchem.Mol object at 0x0000023A5B715ED0>,444.488,-0.1392,10,8,163.18,12,10,32,3,0.363636364
CHEMBL57,Cc1ccnc2c1NC(=O)c1cccnc1N2C1CC1,53,<rdkit.Chem.rdchem.Mol object at 0x0000023A5B715F30>,266.304,2.65122,4,1,58.12,1,5,20,4,0.266666667
CHEMBL1112,O=C1CCc2ccc(OCCCCN3CCN(c4cccc(Cl)c4Cl)CC3)cc2N1,75,<rdkit.Chem.rdchem.Mol object at 0x0000023A5B715F90>,448.394,4.8593,4,1,44.81,7,7,30,4,0.434782609
CHEMBL40,CCC1(c2ccccc2)C(=O)NC(=O)NC1=O,99,<rdkit.Chem.rdchem.Mol object at 0x0000023A5B712030>,232.239,0.7004,3,2,75.27,2,5,17,2,0.25
CHEMBL1201129,Nc1ncn([C@H]2C[C@H](O)[C@@H](CO)O2)c(=O)n1,0.58,<rdkit.Chem.rdchem.Mol object at 0x0000023A5B712150>,228.208,-2.1388,8,3,123.49,2,8,16,2,0.625
CHEMBL135,C[C@]12CC[C@@H]3c4ccc(O)cc4CC[C@H]3[C@@H]1CC[C@@H]2O,1.7,<rdkit.Chem.rdchem.Mol object at 0x0000023A5B7121B0>,272.388,3.6092,2,2,40.46,0,2,20,4,0.666666667
CHEMBL517,CC(C)N(CCC(C(N)=O)(c1ccccc1)c1ccccn1)C(C)C,7,<rdkit.Chem.rdchem.Mol object at 0x0000023A5B712210>,339.483,3.3619,3,1,59.22,8,4,25,2,0.428571429
CHEMBL8,O=C(O)c1cn(C2CC2)c2cc(N3CCNCC3)c(F)cc2c1=O,3.8,<rdkit.Chem.rdchem.Mol object at 0x0000023A5B712270>,331.347,1.5833,5,2,74.57,3,7,24,4,0.411764706
CHEMBL1237132,CCCC(=O)OCOC(=O)C1=C(C)NC(C)=C(C(=O)OC)C1c1cccc(Cl)c1Cl,0.3,<rdkit.Chem.rdchem.Mol object at 0x0000023A5B7122D0>,456.322,4.2452,7,1,90.93,7,9,30,2,0.380952381
CHEMBL54126,CN(C)C(=O)Oc1cccc([N+](C)(C)C)c1.[Br-],1.3,<rdkit.Chem.rdchem.Mol object at 0x0000023A5B712330>,303.2,-1.0523,2,0,29.54,2,5,17,1,0.416666667
CHEMBL575,COc1cccc(OC)c1C(=O)N[C@@H]1C(=O)N2[C@@H](C(=O)O)C(C)(C)S[C@H]12,0.64,<rdkit.Chem.rdchem.Mol object at 0x0000023A5B7123F0>,380.422,0.9491,6,2,105.17,5,9,26,3,0.470588235
CHEMBL6,COc1ccc2c(c1)c(CC(=O)O)c(C)n2C(=O)c1ccc(Cl)cc1,1.4,<rdkit.Chem.rdchem.Mol object at 0x0000023A5B712450>,357.793,3.92732,4,1,68.53,4,6,25,3,0.157894737
CHEMBL441,CCCC(C)C1(CC)C(=O)NC(=S)NC1=O,2,<rdkit.Chem.rdchem.Mol object at 0x0000023A5B7124B0>,242.344,1.3499,3,2,58.2,4,5,16,1,0.727272727
CHEMBL36,CCc1nc(N)nc(N)c1-c1ccc(Cl)cc1,140,<rdkit.Chem.rdchem.Mol object at 0x0000023A5B7125D0>,248.717,2.5238,4,2,77.82,2,5,17,2,0.166666667
CHEMBL12,CN1C(=O)CN=C(c2ccccc2)c2cc(Cl)ccc21,42,<rdkit.Chem.rdchem.Mol object at 0x0000023A5B712690>,284.746,3.1538,2,0,32.67,1,4,20,3,0.125
CHEMBL160629,CCC#CC[C@H](C)[C@H](O)C#C[C@@H]1[C@H]2C/C(=C/COCC(=O)O)C[C@H]2C[C@H]1O,1.1,<rdkit.Chem.rdchem.Mol object at 0x0000023A5B712750>,374.477,2.2249,4,3,86.99,6,5,27,2,0.681818182
CHEMBL471,CC(C)NCC(O)c1ccc(NS(C)(=O)=O)cc1,6.3,<rdkit.Chem.rdchem.Mol object at 0x0000023A5B7127B0>,272.37,1.0895,4,3,78.43,6,6,18,1,0.5
CHEMBL783,CC(C)[C@H]1CC[C@H](C(=O)N[C@H](Cc2ccccc2)C(=O)O)CC1,1.5,<rdkit.Chem.rdchem.Mol object at 0x0000023A5B712870>,317.429,3.2609,2,2,66.4,6,4,23,2,0.578947368
CHEMBL193,COC(=O)C1=C(C)NC(C)=C(C(=O)OC)C1c1ccccc1[N+](=O)[O-],1.9,<rdkit.Chem.rdchem.Mol object at 0x0000023A5B7128D0>,346.339,2.1756,7,1,107.77,4,8,25,2,0.294117647
CHEMBL1443,CCOc1ccc2ccccc2c1C(=O)N[C@@H]1C(=O)N2[C@@H](C(=O)O)C(C)(C)S[C@H]12,0.7,<rdkit.Chem.rdchem.Mol object at 0x0000023A5B712990>,414.483,2.4838,5,2,95.94,5,8,29,4,0.380952381
CHEMBL370805,COC(=O)[C@H]1[C@@H](OC(=O)c2ccccc2)C[C@@H]2CC[C@H]1N2C,0.76,<rdkit.Chem.rdchem.Mol object at 0x0000023A5B7129F0>,303.358,1.8677,5,0,55.84,3,5,22,3,0.529411765
CHEMBL166937,CN(CC(N)=O)C(=O)N(CCCl)N=O,1,<rdkit.Chem.rdchem.Mol object at 0x0000023A5B712AB0>,222.632,-0.2543,4,1,96.07,5,8,14,0,0.666666667
CHEMBL184,Nc1nc(O)c2ncn(COCCO)c2n1,2.5,<rdkit.Chem.rdchem.Mol object at 0x0000023A5B712B10>,225.208,-0.9195,8,3,119.31,4,8,16,2,0.375
CHEMBL1436,CO/N=C(\C(=O)N[C@@H]1C(=O)N2C(C(=O)O)=C(COC(N)=O)CS[C@H]12)c1ccco1,1.1,<rdkit.Chem.rdchem.Mol object at 0x0000023A5B712B70>,424.391,-0.536,9,3,173.76,7,13,29,3,0.3125
CHEMBL316157,O=C(Cc1cccs1)N[C@@H]1C(=O)N2C(C(=O)[O-])=C(C[n+]3ccccc3)CS[C@H]12,1.5,<rdkit.Chem.rdchem.Mol object at 0x0000023A5B712BD0>,415.496,-0.3178,6,1,93.42,6,9,28,4,0.263157895
CHEMBL521,CC(C)Cc1ccc(C(C)C(=O)O)cc1,1.6,<rdkit.Chem.rdchem.Mol object at 0x0000023A5B712CF0>,206.285,3.0732,1,1,37.3,4,2,15,1,0.461538462
CHEMBL79,CCN(CC)CC(=O)Nc1c(C)cccc1C,1.6,<rdkit.Chem.rdchem.Mol object at 0x0000023A5B712D50>,234.343,2.58374,2,1,32.34,5,3,17,1,0.5
CHEMBL456,C=C(CC)C(=O)c1ccc(OCC(=O)O)c(Cl)c1Cl,0.5,<rdkit.Chem.rdchem.Mol object at 0x0000023A5B712DB0>,303.141,3.6057,3,1,63.6,6,6,19,1,0.230769231
CHEMBL484,Nc1ncnc2c1ncn2CCOCP(=O)(O)O,1.6,<rdkit.Chem.rdchem.Mol object at 0x0000023A5B712E10>,273.189,-0.4397,7,3,136.38,5,10,18,2,0.375
CHEMBL351706,N#Cc1ccc2c(c1)CN(S(=O)(=O)c1cccs1)[C@H](Cc1ccccc1)CN2Cc1c[nH]cn1,1.6,<rdkit.Chem.rdchem.Mol object at 0x0000023A5B712E70>,489.626,4.16528,6,1,93.09,6,9,34,5,0.2
CHEMBL580,O=C1Nc2ccc(Cl)cc2C(c2ccccc2Cl)=NC1O,17,<rdkit.Chem.rdchem.Mol object at 0x0000023A5B712ED0>,321.163,3.1013,3,2,61.69,1,6,21,3,0.066666667
CHEMBL306700,CCOc1ccccc1OCC1CNCCO1,4.1,<rdkit.Chem.rdchem.Mol object at 0x0000023A5B717030>,237.299,1.4525,4,1,39.72,5,4,17,2,0.538461538
CHEMBL1072,CCCCNc1cc(C(=O)O)cc(S(N)(=O)=O)c1Oc1ccccc1,1.2,<rdkit.Chem.rdchem.Mol object at 0x0000023A5B717090>,364.423,3.0365,5,3,118.72,8,8,25,2,0.235294118
CHEMBL656,COc1ccc2c3c1O[C@H]1C(=O)CC[C@@]4(O)[C@@H](C2)N(C)CC[C@]314,5.5,<rdkit.Chem.rdchem.Mol object at 0x0000023A5B7170F0>,315.369,1.0482,5,1,59,1,5,23,5,0.611111111
CHEMBL174,CC1(C)S[C@@H]2[C@H](NC(=O)[C@H](N)c3ccccc3)C(=O)N2[C@H]1C(=O)O,1.4,<rdkit.Chem.rdchem.Mol object at 0x0000023A5B717150>,349.412,0.3181,5,3,112.73,4,8,24,3,0.4375
CHEMBL636,CCN(C)C(=O)Oc1cccc([C@H](C)N(C)C)c1,1.4,<rdkit.Chem.rdchem.Mol object at 0x0000023A5B7171B0>,250.342,2.7597,3,0,32.78,4,4,18,1,0.5
CHEMBL266349,N=C(N)c1ccc(CNC(=O)[C@@H]2CCN2C(=O)[C@H](NCC(=O)O)C2CCCCC2)cc1,1.6,<rdkit.Chem.rdchem.Mol object at 0x0000023A5B717330>,429.521,0.81087,5,5,148.61,9,9,31,3,0.545454545
CHEMBL289469,CN1C2CCCC1CC(NC(=O)c1nn(C)c3ccccc13)C2,5.2,<rdkit.Chem.rdchem.Mol object at 0x0000023A5B717390>,312.417,2.3184,4,1,50.16,2,5,23,4,0.555555556
CHEMBL1731,CC1(C)S[C@@H]2[C@H](NC(=O)[C@H](NC(=O)N3CCN(S(C)(=O)=O)C3=O)c3ccccc3)C(=O)N2[C@H]1C(=O)O,1.2,<rdkit.Chem.rdchem.Mol object at 0x0000023A5B717450>,539.592,-0.2338,8,3,173.5,6,15,36,4,0.476190476
CHEMBL1346,NC(=O)C(c1ccccc1)(c1ccccc1)[C@@H]1CCN(CCc2ccc3c(c2)CCO3)C1,3.6,<rdkit.Chem.rdchem.Mol object at 0x0000023A5B7174B0>,426.56,3.9575,3,1,55.56,7,4,32,5,0.321428571
CHEMBL819,Cc1onc(-c2ccccc2)c1C(=O)N[C@@H]1C(=O)N2[C@@H](C(=O)O)C(C)(C)S[C@H]12,0.7,<rdkit.Chem.rdchem.Mol object at 0x0000023A5B717510>,401.444,1.89532,6,2,112.74,4,9,28,4,0.368421053
CHEMBL888,Nc1ccn([C@@H]2O[C@H](CO)[C@@H](O)C2(F)F)c(=O)n1,1,<rdkit.Chem.rdchem.Mol object at 0x0000023A5B717570>,263.2,-1.2886,7,3,110.6,2,9,18,2,0.555555556
CHEMBL127,C[C@@H](O)[C@H]1C(=O)N2C(C(=O)O)=C(S[C@@H]3CN[C@H](C(=O)N(C)C)C3)[C@H](C)[C@H]12,1,<rdkit.Chem.rdchem.Mol object at 0x0000023A5B7175D0>,383.47,-0.308,6,3,110.18,5,9,26,3,0.705882353
CHEMBL118218,CC1=C(CO)C2=C(C)C3(CC3)[C@@](C)(O)C(=O)C2=C1,0.3,<rdkit.Chem.rdchem.Mol object at 0x0000023A5B717630>,246.306,1.6656,3,2,57.53,1,3,18,3,0.533333333
CHEMBL1489,Nc1ncn([C@@H]2O[C@H](CO)[C@@H](O)[C@H]2O)c(=O)n1,0.36,<rdkit.Chem.rdchem.Mol object at 0x0000023A5B717690>,244.207,-3.168,9,4,143.72,2,9,17,2,0.625
CHEMBL1411979,CN(C)CCN(Cc1cccs1)c1ccccn1,1.6,<rdkit.Chem.rdchem.Mol object at 0x0000023A5B7176F0>,261.394,2.7113,4,0,19.37,6,4,18,2,0.357142857
CHEMBL50,O=c1c(O)c(-c2ccc(O)c(O)c2)oc2cc(O)cc(O)c12,0.6,<rdkit.Chem.rdchem.Mol object at 0x0000023A5B717750>,302.238,1.988,7,5,131.36,1,7,22,3,0
CHEMBL19224,COc1ccc(Cc2nccc3cc(OC)c(OC)cc23)cc1OC,1.8,<rdkit.Chem.rdchem.Mol object at 0x0000023A5B7177B0>,339.391,3.86,5,0,49.81,6,5,25,3,0.25
CHEMBL635,C[C@]12CC(=O)[C@H]3[C@@H](CCC4=CC(=O)C=C[C@@]43C)[C@@H]1CC[C@]2(O)C(=O)CO,2.9,<rdkit.Chem.rdchem.Mol object at 0x0000023A5B717810>,358.434,1.7658,5,2,91.67,2,5,26,4,0.666666667
CHEMBL1098,CCCCN1CCCCC1C(=O)Nc1c(C)cccc1C,3.1,<rdkit.Chem.rdchem.Mol object at 0x0000023A5B717870>,288.435,3.89654,2,1,32.34,5,3,21,2,0.611111111
CHEMBL1077,Nc1c(CC(=O)O)cccc1C(=O)c1ccc(Br)cc1,2.6,<rdkit.Chem.rdchem.Mol object at 0x0000023A5B7178D0>,334.169,2.8894,3,2,80.39,4,5,20,2,0.066666667
CHEMBL74632,CO[C@@]1(NC(=O)C(C(=O)O)c2ccc(O)cc2)C(=O)N2C(C(=O)O)=C(CSc3nnnn3C)CO[C@@H]21,2.9,<rdkit.Chem.rdchem.Mol object at 0x0000023A5B717990>,520.48,-1.1277,12,4,206.3,9,16,36,4,0.35
CHEMBL425,O=C(O)c1cc(/N=N/c2ccc(O)c(C(=O)O)c2)ccc1O,0.9,<rdkit.Chem.rdchem.Mol object at 0x0000023A5B7179F0>,302.242,2.9096,6,4,139.78,4,8,22,2,0
CHEMBL702,CCN1CCN(C(=O)N[C@@H](C(=O)N[C@@H]2C(=O)N3[C@@H](C(=O)O)C(C)(C)S[C@H]23)c2ccccc2)C(=O)C1=O,0.96,<rdkit.Chem.rdchem.Mol object at 0x0000023A5B717AB0>,517.564,-0.2403,7,3,156.43,6,13,36,4,0.47826087
CHEMBL1380,Nc1nc(NC2CC2)c2ncn([C@H]3C=C[C@@H](CO)C3)c2n1,1,<rdkit.Chem.rdchem.Mol object at 0x0000023A5B717B10>,286.339,1.0923,7,3,101.88,4,7,21,4,0.5
CHEMBL1908354,Cc1nnc(SCC2=C(C(=O)O)N3C(=O)[C@@H](NC(=O)[C@H](O)c4ccccc4)[C@H]3SC2)s1,1,<rdkit.Chem.rdchem.Mol object at 0x0000023A5B717B70>,478.577,1.41082,9,3,132.72,7,12,31,4,0.315789474
CHEMBL480,Cc1c(OCC(F)(F)F)ccnc1C[S+]([O-])c1nc2ccccc2[nH]1,1,<rdkit.Chem.rdchem.Mol object at 0x0000023A5B717BD0>,369.368,3.51522,4,1,73.86,5,9,25,3,0.25
CHEMBL80,C=CCN1CC[C@]23c4c5ccc(O)c4O[C@H]2C(=O)CC[C@@]3(O)[C@H]1C5,1.1,<rdkit.Chem.rdchem.Mol object at 0x0000023A5B717C30>,327.38,1.3014,5,2,70,2,5,24,5,0.526315789
CHEMBL19236,COc1nc(C)nc(Cl)c1NC1=NCCN1,2.2,<rdkit.Chem.rdchem.Mol object at 0x0000023A5B717C90>,241.682,0.81812,6,2,71.43,2,7,16,2,0.444444444
CHEMBL902,NC(N)=Nc1nc(CSCC/C(N)=N/S(N)(=O)=O)cs1,2.8,<rdkit.Chem.rdchem.Mol object at 0x0000023A5B717CF0>,337.456,-0.768,6,4,175.83,7,12,20,1,0.375
CHEMBL1447,CCC[C@@H]1C[C@@H](C(=O)N[C@H]([C@@H](C)O)[C@H]2O[C@H](SC)[C@H](O)[C@@H](O)[C@H]2O)N(C)C1,5.6,<rdkit.Chem.rdchem.Mol object at 0x0000023A5B717DB0>,406.545,-0.857,8,5,122.49,7,9,27,2,0.944444444
CHEMBL710,CC(C)(C)NC(=O)[C@H]1CC[C@H]2[C@@H]3CC[C@H]4NC(=O)C=C[C@]4(C)[C@H]3CC[C@]12C,6,<rdkit.Chem.rdchem.Mol object at 0x0000023A5B717E10>,372.553,3.8145,2,2,58.2,1,4,27,4,0.826086957
CHEMBL1505,CN(C)CCc1c[nH]c2ccc(CS(=O)(=O)N3CCCC3)cc12,3.4,<rdkit.Chem.rdchem.Mol object at 0x0000023A5B717ED0>,335.473,2.1976,3,1,56.41,6,6,23,3,0.529411765
CHEMBL403,CC1(C)[C@H](C(=O)O)N2C(=O)C[C@H]2S1(=O)=O,1.1,<rdkit.Chem.rdchem.Mol object at 0x0000023A5B717F30>,233.245,-0.795,4,1,91.75,1,7,15,2,0.75
CHEMBL1753,CCC[C@@H]1C[C@@H](C(=O)N[C@H]([C@H](C)Cl)[C@H]2O[C@H](SC)[C@H](O)[C@@H](O)[C@H]2O)N(C)C1,2.1,<rdkit.Chem.rdchem.Mol object at 0x0000023A5B717F90>,424.991,0.3895,7,4,102.26,7,9,27,2,0.944444444
CHEMBL1908301,O=P(O)(O)OC(Cn1cncn1)(Cn1cncn1)c1ccc(F)cc1F,2.1,<rdkit.Chem.rdchem.Mol object at 0x0000023A5B718030>,386.255,0.8528,8,2,128.18,7,13,26,3,0.230769231
CHEMBL48880,CNC(=O)c1cccc2c(Nc3ccc(NS(C)(=O)=O)cc3OC)c3cccc(C)c3nc12,2.4,<rdkit.Chem.rdchem.Mol object at 0x0000023A5B718090>,464.547,4.17972,6,3,109.42,6,9,33,4,0.166666667
CHEMBL182,Nc1nc(O)c2ncn(COC(CO)CO)c2n1,3.7,<rdkit.Chem.rdchem.Mol object at 0x0000023A5B718210>,255.234,-1.5586,9,4,139.54,5,9,18,2,0.444444444
CHEMBL1520,CCCc1nc(C)c2c(=O)nc(-c3cc(S(=O)(=O)N4CCN(CC)CC4)ccc3OCC)[nH]n12,4.5,<rdkit.Chem.rdchem.Mol object at 0x0000023A5B7182D0>,488.614,2.07042,8,1,112.9,8,11,34,4,0.52173913
CHEMBL254193,N/N=c1/cc2c(n[nH]1)CCN(C(=O)c1ccccc1)C2,5.6,<rdkit.Chem.rdchem.Mol object at 0x0000023A5B718330>,269.308,0.3826,4,2,87.37,1,6,20,3,0.214285714
CHEMBL638,C[C@@H](c1ncncc1F)[C@](O)(Cn1cncn1)c1ccc(F)cc1F,5.6,<rdkit.Chem.rdchem.Mol object at 0x0000023A5B718390>,349.316,2.1769,6,1,76.72,5,9,25,3,0.25
CHEMBL2220384,CCOC(=O)C1(c2ccccc2)CCC=CC1N(C)C,5,<rdkit.Chem.rdchem.Mol object at 0x0000023A5B7183F0>,273.376,2.7677,3,0,29.54,4,3,20,2,0.470588235
CHEMBL659,COc1ccc2c3c1O[C@H]1C[C@@H](O)C=C[C@@]31CCN(C)C2,5.3,<rdkit.Chem.rdchem.Mol object at 0x0000023A5B718450>,287.359,1.8503,4,1,41.93,1,4,21,4,0.529411765
CHEMBL577,C[C@H](N[C@@H](CCc1ccccc1)C(=O)O)C(=O)N1CCC[C@H]1C(=O)O,39,<rdkit.Chem.rdchem.Mol object at 0x0000023A5B7184B0>,348.399,1.1261,4,3,106.94,8,7,25,2,0.5
CHEMBL181,CC1=NS(=O)(=O)c2cc(Cl)ccc2N1,48,<rdkit.Chem.rdchem.Mol object at 0x0000023A5B718510>,230.676,1.8726,3,1,58.53,0,6,14,2,0.125
CHEMBL268254,O=C1CN=C(c2ccccc2Cl)c2cc(Cl)ccc2N1,200,<rdkit.Chem.rdchem.Mol object at 0x0000023A5B718570>,305.164,3.7829,2,1,41.46,1,5,20,3,0.066666667
CHEMBL1435,Cc1nnc(SCC2=C(C(=O)O)N3C(=O)[C@@H](NC(=O)Cn4cnnn4)[C@H]3SC2)s1,1.7,<rdkit.Chem.rdchem.Mol object at 0x0000023A5B7185D0>,454.519,-0.63608,12,2,156.09,7,15,29,4,0.428571429
CHEMBL1614644,C[N+](C)([O-])CCCN1c2ccccc2CCc2ccccc21,1.8,<rdkit.Chem.rdchem.Mol object at 0x0000023A5B718690>,296.414,3.8876,2,0,26.3,4,3,22,3,0.368421053
CHEMBL267648,CCn1cc(C(=O)O)c(=O)c2cc(F)c(N3CCN(C)CC3)cc21,11,<rdkit.Chem.rdchem.Mol object at 0x0000023A5B7186F0>,333.363,1.6105,5,1,65.78,3,7,24,3,0.411764706
CHEMBL349803,NS(=O)(=O)c1cc(C(=O)O)cc(N2CCCC2)c1Oc1ccccc1,1.3,<rdkit.Chem.rdchem.Mol object at 0x0000023A5B7187B0>,362.407,2.4247,5,2,109.93,5,8,25,3,0.235294118
CHEMBL158,C[C@H]1[C@H](NC(=O)/C(=N\OC(C)(C)C(=O)O)c2csc(N)n2)C(=O)N1S(=O)(=O)O,1.5,<rdkit.Chem.rdchem.Mol object at 0x0000023A5B718810>,435.44,-1.1725,10,4,201.58,7,15,28,2,0.461538462
CHEMBL1077896,CCCN1CCCC[C@H]1C(=O)Nc1c(C)cccc1C,2.2,<rdkit.Chem.rdchem.Mol object at 0x0000023A5B7188D0>,274.408,3.50644,2,1,32.34,4,3,20,2,0.588235294
CHEMBL1733,C[C@H](N[C@@H](CCc1ccccc1)C(=O)O)C(=O)N1Cc2ccccc2C[C@H]1C(=O)O,2.3,<rdkit.Chem.rdchem.Mol object at 0x0000023A5B718930>,410.47,2.0886,4,3,106.94,8,7,30,3,0.347826087
CHEMBL399510,CCN(CC)CCNC(=O)c1cc(Br)c(N)cc1OC,2.9,<rdkit.Chem.rdchem.Mol object at 0x0000023A5B718990>,344.253,2.1115,4,2,67.59,7,6,20,1,0.5
CHEMBL640,CCN(CC)CCNC(=O)c1ccc(N)cc1,3.1,<rdkit.Chem.rdchem.Mol object at 0x0000023A5B718A50>,235.331,1.3404,3,2,58.36,6,4,17,1,0.461538462
CHEMBL1561,OCCN1C[C@H](O)[C@@H](O)[C@H](O)[C@H]1CO,2.3,<rdkit.Chem.rdchem.Mol object at 0x0000023A5B718AB0>,207.226,-3.2621,6,5,104.39,3,6,14,1,1
CHEMBL572,O=C1CN(/N=C/c2ccc([N+](=O)[O-])o2)C(=O)N1,0.97,<rdkit.Chem.rdchem.Mol object at 0x0000023A5B718B10>,238.159,0.0735,6,1,118.05,3,9,17,2,0.125
CHEMBL596,CCC(=O)N(c1ccccc1)C1CCN(CCc2ccccc2)CC1,3,<rdkit.Chem.rdchem.Mol object at 0x0000023A5B718B70>,336.479,4.1367,2,0,23.55,6,3,25,3,0.409090909
CHEMBL85,Cc1nc2n(c(=O)c1CCN1CCC(c3noc4cc(F)ccc34)CC1)CCCC2,3.2,<rdkit.Chem.rdchem.Mol object at 0x0000023A5B718BD0>,410.493,3.59042,6,0,64.16,4,7,30,5,0.52173913
CHEMBL642,CCCC(=O)Nc1ccc(OCC(O)CNC(C)C)c(C(C)=O)c1,3.5,<rdkit.Chem.rdchem.Mol object at 0x0000023A5B718C30>,336.432,2.3655,5,3,87.66,10,6,24,1,0.555555556
CHEMBL314437,CCC1(c2cccc(O)c2)CCCCN(C)C1,1.7,<rdkit.Chem.rdchem.Mol object at 0x0000023A5B718C90>,233.355,3.1557,2,1,23.47,2,2,17,2,0.6
CHEMBL128,CNS(=O)(=O)Cc1ccc2[nH]cc(CCN(C)C)c2c1,1.7,<rdkit.Chem.rdchem.Mol object at 0x0000023A5B718CF0>,295.408,1.3212,3,2,65.2,6,6,20,2,0.428571429
CHEMBL60745,CC[N+](C)(C)c1cccc(O)c1.[Br-],1.8,<rdkit.Chem.rdchem.Mol object at 0x0000023A5B718D50>,246.148,-1.017,1,1,20.23,2,3,13,1,0.4
CHEMBL191,CCCCc1nc(Cl)c(CO)n1Cc1ccc(-c2ccccc2-c2nnn[nH]2)cc1,1.8,<rdkit.Chem.rdchem.Mol object at 0x0000023A5B718DB0>,422.92,4.2668,6,2,92.51,8,8,30,4,0.272727273
CHEMBL1194,CCCNC(C)C(=O)Nc1ccccc1C,1.8,<rdkit.Chem.rdchem.Mol object at 0x0000023A5B718E10>,220.316,2.32162,2,2,41.13,5,3,16,1,0.461538462
CHEMBL1087,Cc1cccc(C)c1NC(=O)C1CCCCN1C,2,<rdkit.Chem.rdchem.Mol object at 0x0000023A5B718F30>,246.354,2.72624,2,1,32.34,2,3,18,2,0.533333333
CHEMBL95804,CCN(CC)CCNC(=O)c1ccc(NS(C)(=O)=O)cc1,3.8,<rdkit.Chem.rdchem.Mol object at 0x0000023A5B718F90>,313.423,1.1297,4,2,78.51,8,7,21,1,0.5
CHEMBL1531134,CC1CCN(CCCC(=O)c2ccc(F)cc2)CC1,3.9,<rdkit.Chem.rdchem.Mol object at 0x0000023A5B719030>,263.356,3.5205,2,0,20.31,5,3,19,2,0.5625
CHEMBL1510,CN1CCC[C@@H]1Cc1c[nH]c2ccc(CCS(=O)(=O)c3ccccc3)cc12,4.2,<rdkit.Chem.rdchem.Mol object at 0x0000023A5B719090>,382.529,3.821,3,1,53.17,6,5,27,4,0.363636364
CHEMBL585,Nc1nc(N)c2nc(-c3ccccc3)c(N)nc2n1,4.3,<rdkit.Chem.rdchem.Mol object at 0x0000023A5B719150>,253.269,0.8334,7,3,129.62,1,7,19,3,0
CHEMBL1473,CCC(=O)O[C@]1(C(=O)SCF)[C@H](C)C[C@H]2[C@@H]3C[C@H](F)C4=CC(=O)C=C[C@]4(C)[C@@]3(F)[C@@H](O)C[C@@]21C,6,<rdkit.Chem.rdchem.Mol object at 0x0000023A5B719210>,500.579,4.43,6,1,80.67,4,9,34,4,0.72
CHEMBL1201288,O=C1CN(/N=C/c2ccc(-c3ccc([N+](=O)[O-])cc3)o2)C(=O)N1,10,<rdkit.Chem.rdchem.Mol object at 0x0000023A5B719270>,314.257,1.7405,6,1,118.05,4,9,23,3,0.071428571
CHEMBL707,COc1cc2nc(N3CCN(C(=O)C4COc5ccccc5O4)CC3)nc(N)c2cc1OC,10,<rdkit.Chem.rdchem.Mol object at 0x0000023A5B7192D0>,451.483,1.7178,9,1,112.27,4,10,33,5,0.347826087
CHEMBL434394,OC(CNCC(O)C1CCc2cc(F)ccc2O1)C1CCc2cc(F)ccc2O1,10,<rdkit.Chem.rdchem.Mol object at 0x0000023A5B719330>,405.441,2.3636,5,3,70.95,6,7,29,4,0.454545455
CHEMBL1568,Nc1nc(F)nc2c1ncn2[C@@H]1O[C@H](CO)[C@@H](O)[C@@H]1O,11,<rdkit.Chem.rdchem.Mol object at 0x0000023A5B719390>,285.235,-1.8409,9,4,139.54,2,10,20,3,0.5
CHEMBL113278,CC(CCc1ccc2c(c1)OCO2)NCC(O)c1ccc(O)c(C(N)=O)c1,11,<rdkit.Chem.rdchem.Mol object at 0x0000023A5B7193F0>,372.421,1.8641,6,4,114.04,8,7,27,3,0.35
CHEMBL1146,Cn1nnnc1SCC1=C(C(=O)O)N2C(=O)[C@@H](NC(=O)[C@H](O)c3ccccc3)[C@H]2SC1,0.75,<rdkit.Chem.rdchem.Mol object at 0x0000023A5B7194B0>,462.513,-0.2256,10,3,150.54,7,13,31,4,0.333333333
CHEMBL407,CCOC(=O)c1ncn2c1CN(C)C(=O)c1cc(F)ccc1-2,0.78,<rdkit.Chem.rdchem.Mol object at 0x0000023A5B719510>,303.293,1.7737,5,0,64.43,2,7,22,3,0.266666667
CHEMBL1144,CC[C@H](C)C(=O)O[C@H]1C[C@H](O)C=C2C=C[C@H](C)[C@H](CC[C@@H](O)C[C@@H](O)CC(=O)O)[C@H]21,0.78,<rdkit.Chem.rdchem.Mol object at 0x0000023A5B719570>,424.534,2.4404,6,4,124.29,10,7,30,2,0.739130435
CHEMBL836,CCOc1ccccc1OCCN[C@H](C)Cc1ccc(OC)c(S(N)(=O)=O)c1,6.8,<rdkit.Chem.rdchem.Mol object at 0x0000023A5B719630>,408.52,2.3409,6,2,99.88,11,8,28,2,0.4
CHEMBL559288,N#CC(CCN1CCC(C(N)=O)(N2CCCCC2)CC1)(c1ccccc1)c1ccccc1,8,<rdkit.Chem.rdchem.Mol object at 0x0000023A5B719750>,430.596,3.69218,4,1,73.36,7,5,32,4,0.481481481
CHEMBL2103780,CCN1C[C@H]2CN(C)C[C@H](C1)C2OC(=O)c1ccc(Cl)cc1,8.6,<rdkit.Chem.rdchem.Mol object at 0x0000023A5B7197B0>,322.836,2.3787,4,0,32.78,3,5,22,3,0.588235294
CHEMBL728,CN1CCN(CCCN2c3ccccc3Sc3ccc(Cl)cc32)CC1,9,<rdkit.Chem.rdchem.Mol object at 0x0000023A5B719810>,373.953,4.5802,4,0,9.72,4,5,25,4,0.4
CHEMBL42,CN1CCN(C2=Nc3cc(Cl)ccc3Nc3ccccc32)CC1,10,<rdkit.Chem.rdchem.Mol object at 0x0000023A5B7198D0>,326.831,3.7227,4,1,30.87,0,5,23,4,0.277777778
CHEMBL404520,CN(C)[C@@H]1C(O)=C(C(N)=O)C(=O)[C@@]2(O)C(O)=C3C(=O)c4c(O)ccc(Cl)c4[C@@](C)(O)[C@H]3C[C@@H]12,7,<rdkit.Chem.rdchem.Mol object at 0x0000023A5B719930>,478.885,0.439,9,6,181.62,2,11,33,4,0.409090909
CHEMBL533,CCCCCCCN(CC)CCCC(O)c1ccc(NS(C)(=O)=O)cc1,7,<rdkit.Chem.rdchem.Mol object at 0x0000023A5B719990>,384.586,4.164,4,2,69.64,14,6,26,1,0.7
CHEMBL439,Nc1ccc(S(=O)(=O)Nc2ncccn2)cc1,7,<rdkit.Chem.rdchem.Mol object at 0x0000023A5B7199F0>,250.283,0.8596,5,2,97.97,3,7,17,2,0
CHEMBL782,CCCCNC(=O)NS(=O)(=O)c1ccc(C)cc1,7,<rdkit.Chem.rdchem.Mol object at 0x0000023A5B719A50>,270.354,1.78302,3,2,75.27,5,6,18,1,0.416666667
CHEMBL219916,O=c1[nH]c2ccccc2n1CCCN1CCC(n2c(=O)[nH]c3cc(Cl)ccc32)CC1,7.5,<rdkit.Chem.rdchem.Mol object at 0x0000023A5B719AB0>,425.92,3.3532,5,2,78.82,5,8,30,5,0.363636364
CHEMBL813,CCCCc1ncc(/C=C(\Cc2cccs2)C(=O)O)n1Cc1ccc(C(=O)O)cc1,2.1,<rdkit.Chem.rdchem.Mol object at 0x0000023A5B719B10>,424.522,4.7444,5,2,92.42,10,7,30,3,0.260869565
CHEMBL249856,CSc1ccc(C(=O)c2[nH]c(=O)[nH]c2C)cc1,1,<rdkit.Chem.rdchem.Mol object at 0x0000023A5B719B70>,248.307,1.96432,3,2,65.72,3,5,17,2,0.166666667
CHEMBL398707,CN1CC[C@]23c4c5ccc(O)c4O[C@H]2C(=O)CC[C@H]3[C@H]1C5,2.3,<rdkit.Chem.rdchem.Mol object at 0x0000023A5B719BD0>,285.343,1.6303,4,1,49.77,0,4,21,5,0.588235294
CHEMBL953,CCN(CC)C(=O)/C(C#N)=C/c1cc(O)c(O)c([N+](=O)[O-])c1,2.4,<rdkit.Chem.rdchem.Mol object at 0x0000023A5B719C90>,305.29,1.78138,6,2,127.7,5,8,22,1,0.285714286
CHEMBL1449,CC1(C)S[C@@H]2[C@H](NC(=O)[C@H](C(=O)O)c3ccsc3)C(=O)N2[C@H]1C(=O)O,1,<rdkit.Chem.rdchem.Mol object at 0x0000023A5B719CF0>,384.435,0.548,6,3,124.01,5,10,25,3,0.466666667
CHEMBL1644,CC1=C(C(=O)O)N2C(=O)[C@@H](NC(=O)[C@H](N)c3ccc(O)cc3)[C@H]2SC1,1.1,<rdkit.Chem.rdchem.Mol object at 0x0000023A5B719D50>,363.395,0.1505,6,4,132.96,4,9,25,3,0.3125
CHEMBL418192,Cc1ccccc1OCC(O)CNCCOc1ccc(C(N)=O)cc1,2.5,<rdkit.Chem.rdchem.Mol object at 0x0000023A5B719DB0>,344.411,1.50222,5,3,93.81,10,6,25,2,0.315789474
CHEMBL266510,COc1ccc(Cl)cc1[C@]1(F)C(=O)Nc2cc(C(F)(F)F)ccc21,37,<rdkit.Chem.rdchem.Mol object at 0x0000023A5B719E10>,359.706,4.5326,2,1,38.33,2,8,24,3,0.1875
CHEMBL76,CCN(CC)CCCC(C)Nc1ccnc2cc(Cl)ccc12,570,<rdkit.Chem.rdchem.Mol object at 0x0000023A5B719E70>,319.88,4.8106,3,1,28.16,8,4,22,2,0.5
CHEMBL1752,Cn1c(=O)c2c(ncn2CC(O)CO)n(C)c1=O,1.7,<rdkit.Chem.rdchem.Mol object at 0x0000023A5B719ED0>,254.246,-2.2131,8,2,102.28,3,8,18,2,0.5
CHEMBL44354,CC(C)(O/N=C(\C(=O)N[C@@H]1C(=O)N2C(C(=O)[O-])=C(C[n+]3ccccc3)CS[C@H]12)c1csc(N)n1)C(=O)O,1.8,<rdkit.Chem.rdchem.Mol object at 0x0000023A5B719F30>,546.587,-1.2992,11,3,191.22,9,15,37,4,0.318181818
CHEMBL608806,CCOC(=O)[C@@H]1C2CCC(C[C@@H]1OC(=O)c1ccccc1)N2C,1.5,<rdkit.Chem.rdchem.Mol object at 0x0000023A5B719F90>,317.385,2.2578,5,0,55.84,4,5,23,3,0.555555556
CHEMBL88,O=P1(N(CCCl)CCCl)NCCCO1,8,<rdkit.Chem.rdchem.Mol object at 0x0000023A5B71A030>,261.089,1.884,2,1,41.57,5,7,14,1,1
CHEMBL551978,CCOc1ccc(/C=C2\NCCc3cc(OCC)c(OCC)cc32)cc1OCC,9.3,<rdkit.Chem.rdchem.Mol object at 0x0000023A5B71A090>,397.515,4.9252,5,1,48.95,9,5,29,3,0.416666667
CHEMBL1614662,CC(C)(C)[C@H](NC(=O)[C@H](CC1CCCC1)CN(O)C=O)C(=O)N1CCN(Cc2ccc3c(c2)OCO3)CC1,9.4,<rdkit.Chem.rdchem.Mol object at 0x0000023A5B71A0F0>,530.666,2.6345,7,2,111.65,10,10,38,4,0.678571429
CHEMBL71,CN(C)CCCN1c2ccccc2Sc2ccc(Cl)cc21,11,<rdkit.Chem.rdchem.Mol object at 0x0000023A5B71A1B0>,318.873,4.8944,3,0,6.48,4,4,21,3,0.294117647
CHEMBL1614655,CCCC[C@@H]1CC(=O)[C@]2(O)O[C@@H]3[C@@H](NC)[C@@H](O)[C@@H](NC)[C@H](O)[C@H]3O[C@@H]2O1,11,<rdkit.Chem.rdchem.Mol object at 0x0000023A5B71A210>,374.434,-1.7553,9,5,129.51,5,9,26,3,0.941176471
CHEMBL1148,Cc1cccc(Nc2ccncc2S(=O)(=O)NC(=O)NC(C)C)c1,5.1,<rdkit.Chem.rdchem.Mol object at 0x0000023A5B71A330>,348.428,2.52992,5,3,100.19,5,8,24,2,0.25
CHEMBL453,Cc1noc(NS(=O)(=O)c2ccc(N)cc2)c1C,7.4,<rdkit.Chem.rdchem.Mol object at 0x0000023A5B71A450>,267.31,1.67444,5,2,98.22,3,7,18,2,0.181818182
CHEMBL472,COc1ccc(Cl)cc1C(=O)NCCc1ccc(S(=O)(=O)NC(=O)NC2CCCCC2)cc1,2.2,<rdkit.Chem.rdchem.Mol object at 0x0000023A5B71A630>,494.013,3.6417,5,3,113.6,8,10,33,3,0.391304348
CHEMBL441809,CCC(C)(C)NCC(O)COc1ccccc1C(=O)CCc1ccccc1,1.5,<rdkit.Chem.rdchem.Mol object at 0x0000023A5B71A750>,369.505,4.02,4,2,58.56,11,4,27,2,0.434782609
CHEMBL108358,NC(=O)c1csc([C@@H]2O[C@H](CO)[C@@H](O)[C@H]2O)n1,5.9,<rdkit.Chem.rdchem.Mol object at 0x0000023A5B71A7B0>,260.271,-1.604,7,4,125.9,3,8,17,2,0.555555556
CHEMBL979,CCCC(C)(COC(N)=O)COC(N)=O,14,<rdkit.Chem.rdchem.Mol object at 0x0000023A5B71A810>,218.253,0.9834,4,2,104.64,6,6,15,0,0.777777778
CHEMBL53463,COc1cccc2c1C(=O)c1c(O)c3c(c(O)c1C2=O)C[C@@](O)(C(=O)CO)C[C@@H]3O[C@H]1C[C@H](N)[C@H](O)[C@H](C)O1,32,<rdkit.Chem.rdchem.Mol object at 0x0000023A5B71A870>,543.525,0.0013,12,6,206.07,5,12,39,5,0.444444444
CHEMBL549,CN(C)CCCC1(c2ccc(F)cc2)OCc2cc(C#N)ccc21,33,<rdkit.Chem.rdchem.Mol object at 0x0000023A5B71A8D0>,324.399,3.81298,3,0,36.26,5,4,24,3,0.35
CHEMBL1591,CN(C)[C@@H]1C(O)=C(C(N)=O)C(=O)[C@@]2(O)C(O)=C3C(=O)c4c(O)ccc(Cl)c4[C@@H](O)[C@H]3C[C@@H]12,12,<rdkit.Chem.rdchem.Mol object at 0x0000023A5B71A990>,464.858,0.2649,9,6,181.62,2,11,32,4,0.380952381
CHEMBL86715,OC(CCN1CCCC1)(c1ccccc1)C1CCCCC1,12,<rdkit.Chem.rdchem.Mol object at 0x0000023A5B71A9F0>,287.447,3.9404,2,1,23.47,5,2,21,3,0.684210526
CHEMBL654,CN1CCN2c3ncccc3Cc3ccccc3C2C1,15,<rdkit.Chem.rdchem.Mol object at 0x0000023A5B71AA50>,265.36,2.4789,3,0,19.37,0,3,20,4,0.352941176
CHEMBL1166,CC1CNc2c(cccc2S(=O)(=O)N[C@@H](CCCNC(=N)N)C(=O)N2CC[C@@H](C)C[C@@H]2C(=O)O)C1,0.4,<rdkit.Chem.rdchem.Mol object at 0x0000023A5B71AAB0>,508.645,0.91257,6,6,177.71,9,12,35,3,0.608695652
CHEMBL878,Cc1ccccc1N1C(=O)c2cc(S(N)(=O)=O)c(Cl)cc2NC1C,20,<rdkit.Chem.rdchem.Mol object at 0x0000023A5B71AB10>,365.842,2.71412,4,2,92.5,2,8,24,3,0.1875
CHEMBL1200500,CCC(=O)OCC(=O)[C@@]1(OC(=O)CC)[C@@H](C)C[C@H]2[C@@H]3CCC4=CC(=O)C=C[C@]4(C)[C@@]3(Cl)[C@@H](O)C[C@@]21C,0.5,<rdkit.Chem.rdchem.Mol object at 0x0000023A5B71AB70>,521.05,4.0868,7,1,106.97,6,8,36,4,0.714285714
CHEMBL1043,Nc1ccc(S(=O)(=O)c2ccc(N)cc2)cc1,22,<rdkit.Chem.rdchem.Mol object at 0x0000023A5B71ABD0>,248.307,1.6838,4,2,86.18,2,5,17,2,0
CHEMBL3301673,CCCCCNC(=O)c1coc([C@@H]2[C@H]3CC[C@H](O3)[C@@H]2Cc2ccccc2CCC(=O)O)n1,22,<rdkit.Chem.rdchem.Mol object at 0x0000023A5B71AC30>,440.54,4.1155,5,2,101.66,11,7,32,4,0.56
CHEMBL13280,CN1C(=O)CN=C(c2ccccc2F)c2cc([N+](=O)[O-])ccc21,25,<rdkit.Chem.rdchem.Mol object at 0x0000023A5B71AC90>,313.288,2.5477,4,0,75.81,2,7,23,3,0.125
CHEMBL44884,CC[C@@H](CO)NCCN[C@@H](CC)CO,3.1,<rdkit.Chem.rdchem.Mol object at 0x0000023A5B71AE70>,204.314,-0.2926,4,4,64.52,9,4,14,0,1
CHEMBL1024,O=P1(NCCCl)OCCCN1CCCl,6.6,<rdkit.Chem.rdchem.Mol object at 0x0000023A5B71AED0>,261.089,1.884,2,1,41.57,5,7,14,1,1
CHEMBL359164,Nc1ccn([C@@H]2CO[C@H](CO)O2)c(=O)n1,82,<rdkit.Chem.rdchem.Mol object at 0x0000023A5B71AF30>,213.193,-1.3107,7,2,99.6,2,7,15,2,0.5
CHEMBL923,O=P(O)(O)C(O)(Cc1cccnc1)P(=O)(O)O,200,<rdkit.Chem.rdchem.Mol object at 0x0000023A5B71B030>,283.113,-0.3744,4,5,148.18,4,10,17,1,0.285714286
CHEMBL1101,OC(CCN1CCCCC1)(c1ccccc1)C1CC2C=CC1C2,24,<rdkit.Chem.rdchem.Mol object at 0x0000023A5B71B150>,311.469,3.9624,2,1,23.47,5,2,23,4,0.619047619
CHEMBL1614651,NCCCNc1ccc2c(CNCCO)nn3c4c(O)ccc(O)c4c(=O)c1c23,32,<rdkit.Chem.rdchem.Mol object at 0x0000023A5B71B1B0>,397.435,0.6925,9,6,145.14,8,9,29,4,0.3
CHEMBL1513,CCCCC1=NC2(CCCC2)C(=O)N1Cc1ccc(-c2ccccc2-c2nn[nH]n2)cc1,14,<rdkit.Chem.rdchem.Mol object at 0x0000023A5B71B210>,428.54,4.7774,5,1,87.13,7,7,32,5,0.4
CHEMBL121,CN(CCOc1ccc(CC2SC(=O)NC2=O)cc1)c1ccccn1,3.9,<rdkit.Chem.rdchem.Mol object at 0x0000023A5B71B270>,357.435,2.4909,6,1,71.53,7,7,25,3,0.277777778
CHEMBL862,N=C(N)NC(=O)Cc1c(Cl)cccc1Cl,15,<rdkit.Chem.rdchem.Mol object at 0x0000023A5B71B2D0>,246.097,1.54557,2,3,78.97,2,6,15,1,0.111111111
CHEMBL1619,Nc1nc(Cl)nc2c1ncn2[C@H]1C[C@H](O)[C@@H](CO)O1,16,<rdkit.Chem.rdchem.Mol object at 0x0000023A5B71B330>,285.691,-0.2974,8,3,119.31,2,9,19,3,0.5
CHEMBL1201752,C/C(=C\c1csc(C)n1)[C@@H]1C[C@@H]2O[C@]2(C)CCC[C@H](C)[C@H](O)[C@@H](C)C(=O)C(C)(C)[C@@H](O)CC(=O)N1,17,<rdkit.Chem.rdchem.Mol object at 0x0000023A5B71B390>,506.709,4.05052,7,3,112.05,2,8,35,3,0.740740741
CHEMBL639,CN1CCCC(n2nc(Cc3ccc(Cl)cc3)c3ccccc3c2=O)CC1,22,<rdkit.Chem.rdchem.Mol object at 0x0000023A5B71B3F0>,381.907,4.2975,4,0,38.13,3,5,27,4,0.363636364
CHEMBL55,N=C(N)c1ccc(OCCCCCOc2ccc(C(=N)N)cc2)cc1,25,<rdkit.Chem.rdchem.Mol object at 0x0000023A5B71B450>,340.427,2.88284,4,4,118.2,10,6,25,2,0.263157895
CHEMBL628,CC(=O)CCCCn1c(=O)c2c(ncn2C)n(C)c1=O,1.2,<rdkit.Chem.rdchem.Mol object at 0x0000023A5B71B4B0>,278.312,0.193,7,0,78.89,5,7,20,2,0.538461538
CHEMBL428690,CN1CC[C@H](c2c(O)cc(O)c3c(=O)cc(-c4ccccc4Cl)oc23)[C@H](O)C1,5.2,<rdkit.Chem.rdchem.Mol object at 0x0000023A5B71B510>,401.846,3.3046,6,3,94.14,2,7,28,4,0.285714286
CHEMBL206025,CCCCCN(CCCOC)C(=O)C(CCC(=O)O)NC(=O)c1ccc(Cl)c(Cl)c1,5.2,<rdkit.Chem.rdchem.Mol object at 0x0000023A5B71B570>,461.386,4.0119,4,2,95.94,14,9,30,1,0.571428571
CHEMBL766,CC1(C)C[C@@H]1C(=O)N/C(=C\CCCCSC[C@H](N)C(=O)O)C(=O)O,0.86,<rdkit.Chem.rdchem.Mol object at 0x0000023A5B71B5D0>,358.46,1.4326,5,4,129.72,11,8,24,1,0.6875
CHEMBL499,CC(C)(C)NC[C@H](O)COc1nsnc1N1CCOCC1,2.2,<rdkit.Chem.rdchem.Mol object at 0x0000023A5B71B630>,316.427,0.5025,8,2,79.74,6,8,21,2,0.846153846
CHEMBL637,COc1ccc(C(CN(C)C)C2(O)CCCCC2)cc1,5,<rdkit.Chem.rdchem.Mol object at 0x0000023A5B71B690>,277.408,3.0356,3,1,32.7,5,3,20,2,0.647058824
CHEMBL468,O=C1CCC(N2C(=O)c3ccccc3C2=O)C(=O)N1,4.7,<rdkit.Chem.rdchem.Mol object at 0x0000023A5B71B750>,258.233,0.0878,4,1,83.55,1,6,19,3,0.230769231
CHEMBL33,C[C@H]1COc2c(N3CCN(C)CC3)c(F)cc3c(=O)c(C(=O)O)cn1c23,8.8,<rdkit.Chem.rdchem.Mol object at 0x0000023A5B71B8D0>,361.373,1.544,6,1,75.01,2,8,26,4,0.444444444
CHEMBL1614636,C[C@@H]1CC2=CC(=O)CC[C@]2(C)[C@H]2CC[C@]3(C)[C@@H](O)CC[C@H]3[C@@]21C,0.65,<rdkit.Chem.rdchem.Mol object at 0x0000023A5B71B930>,316.485,4.5153,2,1,37.3,0,2,23,4,0.857142857
CHEMBL506,COc1cc(NC(C)CCCN)c2ncccc2c1,7.1,<rdkit.Chem.rdchem.Mol object at 0x0000023A5B71B990>,259.353,2.7827,4,2,60.17,6,4,19,2,0.4
CHEMBL649,CC(C)(C)NCC(O)COc1cccc2c1C[C@H](O)[C@H](O)C2,9.2,<rdkit.Chem.rdchem.Mol object at 0x0000023A5B71B9F0>,309.406,0.6348,5,4,81.95,5,5,22,2,0.647058824
CHEMBL503,CC[C@H](C)C(=O)O[C@H]1C[C@@H](C)C=C2C=C[C@H](C)[C@H](CC[C@@H]3C[C@@H](O)CC(=O)O3)[C@H]21,1.4,<rdkit.Chem.rdchem.Mol object at 0x0000023A5B71BA50>,404.547,4.1955,5,1,72.83,6,5,29,3,0.75
CHEMBL3991199,C[C@@](O)(/C=C/[C@@H]1CC=CC(=O)O1)[C@@H](C[C@@H](O)/C=C\C=C/C=C/CO)OP(=O)(O)O,1.5,<rdkit.Chem.rdchem.Mol object at 0x0000023A5B71BAB0>,430.39,1.0551,7,5,153.75,11,10,29,1,0.421052632
CHEMBL3183075,CNC(=C[N+](=O)[O-])NCCSCc1csc(CN(C)C)n1,1.5,<rdkit.Chem.rdchem.Mol object at 0x0000023A5B71BB10>,331.467,1.3225,8,2,83.33,10,9,21,1,0.583333333
CHEMBL1214,CC1(C)S[C@@H]2[C@H](NC(=O)C(C(=O)O)c3ccccc3)C(=O)N2[C@H]1C(=O)O,1.1,<rdkit.Chem.rdchem.Mol object at 0x0000023A5B71BBD0>,378.406,0.4865,5,3,124.01,5,9,26,3,0.411764706
CHEMBL1521,CCN(C(C)=O)c1cccc(-c2ccnc3c(C#N)cnn23)c1,1.1,<rdkit.Chem.rdchem.Mol object at 0x0000023A5B71BC30>,305.341,2.64078,5,0,74.29,3,6,23,3,0.176470588
CHEMBL22,COc1cc(Cc2cnc(N)nc2N)cc(OC)c1OC,9.6,<rdkit.Chem.rdchem.Mol object at 0x0000023A5B71BCF0>,290.323,1.2576,7,2,105.51,5,7,21,2,0.285714286
CHEMBL76370,CCCCCNC(=N)N/N=C/c1c[nH]c2ccc(OC)cc12,11,<rdkit.Chem.rdchem.Mol object at 0x0000023A5B71BE10>,301.394,2.81457,3,4,85.29,7,6,22,2,0.375
CHEMBL652,O=C(NCC1CCCCN1)c1cc(OCC(F)(F)F)ccc1OCC(F)(F)F,12,<rdkit.Chem.rdchem.Mol object at 0x0000023A5B71BED0>,414.346,3.4407,4,2,59.59,7,11,28,2,0.588235294
CHEMBL98,O=C(CCCCCCC(=O)Nc1ccccc1)NO,0.76,<rdkit.Chem.rdchem.Mol object at 0x0000023A5B71BF30>,264.325,2.4711,3,3,78.43,8,5,19,1,0.428571429
CHEMBL1201195,CO[C@@]1(NC(=O)CSCC#N)C(=O)N2C(C(=O)O)=C(CSc3nnnn3C)CS[C@@H]21,1.5,<rdkit.Chem.rdchem.Mol object at 0x0000023A5B71BF90>,471.546,-0.72832,12,2,163.33,9,15,30,3,0.533333333
CHEMBL339323,CC(=N)N1CC[C@H](SC2=C(C(=O)O)N3C(=O)[C@H]([C@@H](C)O)[C@H]3C2)C1,0.96,<rdkit.Chem.rdchem.Mol object at 0x0000023A5B71C030>,339.417,0.69877,5,3,104.93,4,8,23,3,0.666666667
CHEMBL796,COC(=O)C(c1ccccc1)C1CCCCN1,4.8,<rdkit.Chem.rdchem.Mol object at 0x0000023A5B71C0F0>,233.311,2.0853,3,1,38.33,3,3,17,2,0.5
CHEMBL34259,CN(Cc1cnc2nc(N)nc(N)c2n1)c1ccc(C(=O)N[C@@H](CCC(=O)O)C(=O)O)cc1,3.9,<rdkit.Chem.rdchem.Mol object at 0x0000023A5B71C1B0>,454.447,0.2684,10,5,210.54,9,13,33,3,0.25
CHEMBL523,O=C1CN=C(c2ccccc2)c2cc(Cl)ccc2N1,46,<rdkit.Chem.rdchem.Mol object at 0x0000023A5B71C270>,270.719,3.1295,2,1,41.46,1,4,19,3,0.066666667
CHEMBL1764,COc1ccc2c(c1)N(C[C@H](C)CN(C)C)c1ccccc1S2,30,<rdkit.Chem.rdchem.Mol object at 0x0000023A5B71C2D0>,328.481,4.4956,4,0,15.71,5,4,23,3,0.368421053
CHEMBL83063,CC(NCCc1ccc(O)cc1)C(O)c1ccc(O)cc1,2.6,<rdkit.Chem.rdchem.Mol object at 0x0000023A5B71C510>,287.359,2.352,4,4,72.72,6,4,21,2,0.294117647
CHEMBL106,OC(Cn1cncn1)(Cn1cncn1)c1ccc(F)cc1F,30,<rdkit.Chem.rdchem.Mol object at 0x0000023A5B71C570>,306.276,0.7358,7,1,81.65,5,9,22,3,0.230769231
CHEMBL1541,C=CC1=C(C(=O)O)N2C(=O)[C@@H](NC(=O)/C(=N\OCC(=O)O)c3csc(N)n3)[C@H]2SC1,3.2,<rdkit.Chem.rdchem.Mol object at 0x0000023A5B71C630>,453.458,-0.5448,10,4,184.51,8,14,30,3,0.25
CHEMBL1572,CCN[C@@H]1C[C@H](N)[C@@H](O[C@H]2OC(CN)=CC[C@H]2N)[C@H](O)[C@H]1O[C@H]1OC[C@](C)(O)[C@H](NC)[C@H]1O,3.2,<rdkit.Chem.rdchem.Mol object at 0x0000023A5B71C690>,475.587,-3.2007,12,8,199.73,8,12,33,3,0.904761905
CHEMBL820,CS(=O)(=O)OCCCCOS(C)(=O)=O,3.4,<rdkit.Chem.rdchem.Mol object at 0x0000023A5B71C6F0>,246.306,-0.281,6,0,86.74,7,8,14,0,1
CHEMBL3707182,C=C[C@@]1(O)C[N+]2(C)CC[C@H]1C[C@@H]2[C@@H](O)c1ccnc2ccc(OC)cc12,6.7,<rdkit.Chem.rdchem.Mol object at 0x0000023A5B71C750>,355.458,2.4327,4,2,62.58,4,5,26,5,0.476190476
CHEMBL1614648,C#C[C@]1(O)CC[C@H]2[C@@H]3CCc4cc(OS(=O)(=O)O)ccc4[C@H]3CC[C@@]21C,8.4,<rdkit.Chem.rdchem.Mol object at 0x0000023A5B71C7B0>,376.474,3.0886,4,2,83.83,2,6,26,4,0.6
CHEMBL657,CN(C)CCOC(c1ccccc1)c1ccccc1,9.3,<rdkit.Chem.rdchem.Mol object at 0x0000023A5B71C810>,255.361,3.3542,2,0,12.47,6,2,19,2,0.294117647
CHEMBL1614647,C#C[C@]1(OS(=O)(=O)O)CC[C@H]2[C@@H]3CCc4cc(O)ccc4[C@H]3CC[C@@]21C,9.3,<rdkit.Chem.rdchem.Mol object at 0x0000023A5B71C870>,376.474,3.4397,4,2,83.83,2,6,26,4,0.6
CHEMBL898,O=C(O)c1cc(-c2ccc(F)cc2F)ccc1O,10,<rdkit.Chem.rdchem.Mol object at 0x0000023A5B71C8D0>,250.2,3.0356,2,2,57.53,2,5,18,2,0
CHEMBL1726,COC(=O)C1=C(C)NC(C)=C(C(=O)OCC(C)C)C1c1ccccc1[N+](=O)[O-],11,<rdkit.Chem.rdchem.Mol object at 0x0000023A5B71C990>,388.42,3.2018,7,1,107.77,6,8,28,2,0.4
CHEMBL170,C=C[C@H]1CN2CC[C@H]1C[C@H]2[C@H](O)c1ccnc2ccc(OC)cc12,11,<rdkit.Chem.rdchem.Mol object at 0x0000023A5B71C9F0>,324.424,3.1732,4,1,45.59,4,4,24,5,0.45
CHEMBL343448,C/C=C1\NC(=O)[C@H]2CSSCC/C=C/[C@H](CC(=O)N[C@H](C(C)C)C(=O)N2)OC(=O)[C@H](C(C)C)NC1=O,11,<rdkit.Chem.rdchem.Mol object at 0x0000023A5B71CA50>,540.708,1.4296,8,4,142.7,2,12,36,2,0.625
CHEMBL924,O=P(O)(O)C(O)(Cn1ccnc1)P(=O)(O)O,11,<rdkit.Chem.rdchem.Mol object at 0x0000023A5B71CAB0>,272.09,-1.1154,5,5,153.11,4,11,16,1,0.4
CHEMBL560976,NC[C@@H]1CC[C@@H](N)[C@@H](O[C@@H]2[C@@H](N)C[C@@H](N)[C@H](O[C@H]3O[C@H](CO)[C@@H](O)[C@H](N)[C@H]3O)[C@H]2O)O1,2.4,<rdkit.Chem.rdchem.Mol object at 0x0000023A5B71CB10>,451.521,-5.2666,13,9,247.94,6,13,31,3,1
CHEMBL1079,Clc1ccc2nsnc2c1NC1=NCCN1,2.4,<rdkit.Chem.rdchem.Mol object at 0x0000023A5B71CB70>,253.718,1.7158,6,2,62.2,1,7,16,3,0.222222222
CHEMBL615,CC1(C)S[C@@H]2[C@H](NC(=O)COc3ccccc3)C(=O)N2[C@H]1C(=O)O,0.84,<rdkit.Chem.rdchem.Mol object at 0x0000023A5B71CBD0>,350.396,0.6971,5,2,95.94,5,8,24,3,0.4375
CHEMBL2103764,CO/N=C(\C(=O)N[C@@H]1C(=O)N2C(C(=O)O)=C(C)CS[C@H]12)c1csc(N)n1,2.1,<rdkit.Chem.rdchem.Mol object at 0x0000023A5B71CC30>,397.438,-0.1657,9,3,147.21,5,12,26,3,0.357142857
CHEMBL64360,Cc1cc(-n2cccc2)c(S(C)(=O)=O)cc1C(=O)N=C(N)N,2.2,<rdkit.Chem.rdchem.Mol object at 0x0000023A5B71CC90>,320.374,0.60282,4,2,120.54,3,8,22,2,0.142857143
CHEMBL905,CN(C)CCc1c[nH]c2ccc(Cn3cncn3)cc12,2.2,<rdkit.Chem.rdchem.Mol object at 0x0000023A5B71CCF0>,269.352,1.9118,4,1,49.74,5,5,20,3,0.333333333
CHEMBL123558,CN1CCN(CCCCN2C(=O)CN(/N=C/c3ccc(-c4ccc(Cl)cc4)o3)C2=O)CC1,79,<rdkit.Chem.rdchem.Mol object at 0x0000023A5B71CE10>,457.962,3.2257,6,0,72.6,8,9,32,4,0.434782609
CHEMBL991,Cc1cn([C@H]2C=C[C@@H](CO)O2)c(=O)[nH]c1=O,1.4,<rdkit.Chem.rdchem.Mol object at 0x0000023A5B71CE70>,224.216,-0.70908,5,2,84.32,2,6,16,2,0.4
CHEMBL632,C[C@H]1C[C@H]2[C@@H]3CCC4=CC(=O)C=C[C@]4(C)[C@@]3(F)[C@@H](O)C[C@]2(C)[C@@]1(O)C(=O)CO,5.6,<rdkit.Chem.rdchem.Mol object at 0x0000023A5B71CED0>,392.467,1.8957,5,3,94.83,2,6,28,4,0.727272727
CHEMBL465026,CN1CCOC(c2ccccc2)c2ccccc2C1,5,<rdkit.Chem.rdchem.Mol object at 0x0000023A5B71D030>,253.345,3.238,2,0,12.47,1,2,19,3,0.294117647
CHEMBL139,O=C(O)Cc1ccccc1Nc1c(Cl)cccc1Cl,1.4,<rdkit.Chem.rdchem.Mol object at 0x0000023A5B71D090>,296.153,4.3641,2,2,49.33,4,5,19,2,0.071428571
CHEMBL539216,CS(=O)(=O)N(CCO)c1c(Cl)c(Cl)cc2[nH]c(=O)c(=O)[nH]c12,1.4,<rdkit.Chem.rdchem.Mol object at 0x0000023A5B71D0F0>,368.198,0.2815,5,3,123.33,4,11,22,2,0.272727273
CHEMBL18116,Cc1cccc(N2CC(CO)OC2=O)c1,1.6,<rdkit.Chem.rdchem.Mol object at 0x0000023A5B71D150>,207.229,1.31252,3,1,49.77,2,4,15,2,0.363636364
CHEMBL65794,CO/N=C(\C(=O)N[C@@H]1C(=O)N2C(C(=O)[O-])=C(C[n+]3cccc4c3CCC4)CS[C@H]12)c1csc(N)n1,1.7,<rdkit.Chem.rdchem.Mol object at 0x0000023A5B71D1B0>,514.589,-1.0439,10,2,153.92,7,13,35,5,0.363636364
CHEMBL186,CO/N=C(\C(=O)N[C@@H]1C(=O)N2C(C(=O)[O-])=C(C[N+]3(C)CCCC3)CS[C@H]12)c1csc(N)n1,1.9,<rdkit.Chem.rdchem.Mol object at 0x0000023A5B71D210>,480.572,-1.2799,10,2,150.04,7,13,32,4,0.526315789
CHEMBL916,CCCCS(=O)(=O)N[C@@H](Cc1ccc(OCCCCC2CCNCC2)cc1)C(=O)O,1.6,<rdkit.Chem.rdchem.Mol object at 0x0000023A5B71D330>,440.606,2.9505,5,3,104.73,14,8,30,2,0.681818182
CHEMBL1502,COc1ccnc(C[S+]([O-])c2nc3cc(OC(F)F)ccc3[nH]2)c1OC,1.9,<rdkit.Chem.rdchem.Mol object at 0x0000023A5B71D390>,383.376,2.8843,6,1,92.32,7,10,26,3,0.25
CHEMBL452,O=C1CN=C(c2ccccc2Cl)c2cc([N+](=O)[O-])ccc2N1,38,<rdkit.Chem.rdchem.Mol object at 0x0000023A5B71D4B0>,315.716,3.0377,4,1,84.6,2,7,22,3,0.066666667
CHEMBL1738,C[C@@H](CN1CC(=O)NC(=O)C1)N1CC(=O)NC(=O)C1,2.5,<rdkit.Chem.rdchem.Mol object at 0x0000023A5B71D510>,268.273,-2.7083,6,2,98.82,3,8,19,2,0.636363636
CHEMBL17350,C[C@@H]([C@@H](O)c1ccc(O)cc1)N1CCC(O)(c2ccccc2)CC1,3.7,<rdkit.Chem.rdchem.Mol object at 0x0000023A5B71D630>,327.424,2.7977,4,3,63.93,4,4,24,3,0.4
CHEMBL10316,c1ccc2c(c1)OCC(C1=NCCN1)O2,4.2,<rdkit.Chem.rdchem.Mol object at 0x0000023A5B71D6F0>,204.229,0.8281,4,1,42.85,1,4,15,3,0.363636364
CHEMBL1614654,CCOC(=O)[C@]1(c2ccccc2)CCC=C[C@H]1NC,4.4,<rdkit.Chem.rdchem.Mol object at 0x0000023A5B71D750>,259.349,2.4255,3,1,38.33,4,3,19,2,0.4375
CHEMBL119625,O=C(O)Cn1c(=O)c(=O)[nH]c2cc([N+](=O)[O-])c(-n3ccnc3)cc21,0.78,<rdkit.Chem.rdchem.Mol object at 0x0000023A5B71D7B0>,331.244,-0.1317,8,2,153.12,4,11,24,3,0.076923077
CHEMBL996,CO[C@@]1(NC(=O)Cc2cccs2)C(=O)N2C(C(=O)O)=C(COC(N)=O)CS[C@@H]21,0.81,<rdkit.Chem.rdchem.Mol object at 0x0000023A5B71D810>,427.46,0.0986,8,3,148.26,7,12,28,3,0.375
CHEMBL893,Cc1onc(-c2c(Cl)cccc2Cl)c1C(=O)N[C@@H]1C(=O)N2[C@@H](C(=O)O)C(C)(C)S[C@H]12,0.88,<rdkit.Chem.rdchem.Mol object at 0x0000023A5B71D870>,470.334,3.20212,6,2,112.74,4,11,30,4,0.368421053
CHEMBL35,NS(=O)(=O)c1cc(C(=O)O)c(NCc2ccco2)cc1Cl,2.5,<rdkit.Chem.rdchem.Mol object at 0x0000023A5B71D930>,330.749,1.8907,5,3,122.63,5,9,21,2,0.083333333
CHEMBL1082,CC1(C)S[C@@H]2[C@H](NC(=O)[C@H](N)c3ccc(O)cc3)C(=O)N2[C@H]1C(=O)O,1.1,<rdkit.Chem.rdchem.Mol object at 0x0000023A5B71D9F0>,365.411,0.0237,6,4,132.96,4,9,25,3,0.4375
CHEMBL188921,COc1cc(OC)c(C(=O)CCCN2CCCC2)c(OC)c1,3.3,<rdkit.Chem.rdchem.Mol object at 0x0000023A5B71DA50>,307.39,2.7711,5,0,48,8,5,22,2,0.588235294
CHEMBL520642,Nc1nc(/C(=N/O)C(=O)N[C@@H]2C(=O)N3C(C(=O)O)=C(/C=C4\CCN([C@@H]5CCNC5)C4=O)CS[C@H]23)ns1,3.3,<rdkit.Chem.rdchem.Mol object at 0x0000023A5B71DAB0>,534.58,-1.4422,12,5,203.44,6,16,36,5,0.45
CHEMBL1537,CC1(C)S[C@@H]2[C@H](NC(=O)[C@H](NC(=O)N3CCNC3=O)c3ccccc3)C(=O)N2[C@H]1C(=O)O,1.2,<rdkit.Chem.rdchem.Mol object at 0x0000023A5B71DB10>,461.5,0.0942,6,4,148.15,5,12,32,4,0.45
CHEMBL285347,C[C@@H](O)[C@H]1C(=O)N2C(C(=O)[O-])=C(SC3Cn4cnc[n+]4C3)[C@H](C)[C@H]12,1.1,<rdkit.Chem.rdchem.Mol object at 0x0000023A5B71DB70>,350.4,-1.895,7,1,102.37,4,9,24,4,0.6
CHEMBL27193,C[C@H](CCc1ccccc1)NC[C@H](O)c1ccc(O)c(C(N)=O)c1,3.3,<rdkit.Chem.rdchem.Mol object at 0x0000023A5B71DBD0>,328.412,2.1354,4,4,95.58,8,5,24,2,0.315789474
CHEMBL210952,CC(=O)[C@H]1CC[C@H]2[C@@H]3CC[C@@H]4C[C@H](O)CC[C@]4(C)[C@H]3CC[C@]12C,4.7,<rdkit.Chem.rdchem.Mol object at 0x0000023A5B71DC90>,318.501,4.5952,2,1,37.3,1,2,23,4,0.952380952
CHEMBL681,CCOC(=O)c1cncn1[C@H](C)c1ccccc1,3.5,<rdkit.Chem.rdchem.Mol object at 0x0000023A5B71DD50>,244.294,2.6691,4,0,44.12,4,4,18,2,0.285714286
CHEMBL650,C[C@H]1C[C@H]2[C@@H]3CC[C@](O)(C(=O)CO)[C@@]3(C)C[C@H](O)[C@@H]2[C@@]2(C)C=CC(=O)C=C12,2.3,<rdkit.Chem.rdchem.Mol object at 0x0000023A5B71DDB0>,374.477,1.8036,5,3,94.83,2,5,27,4,0.727272727
CHEMBL133266,CC(C)(C)[C@]1(O)CC2OC(=O)CC23C(=O)OC2OC(=O)[C@H](O)C231,3.2,<rdkit.Chem.rdchem.Mol object at 0x0000023A5B71DE70>,326.301,-0.7438,8,2,119.36,0,8,23,4,0.8
CHEMBL22242,CCN1CCC[C@H]1CNC(=O)c1c(OC)ccc(Br)c1OC,5.5,<rdkit.Chem.rdchem.Mol object at 0x0000023A5B71DF30>,371.275,2.6804,4,1,50.8,6,6,22,2,0.5625
CHEMBL1237044,COc1cccc(C2(O)CCCCC2CN(C)C)c1,5.8,<rdkit.Chem.rdchem.Mol object at 0x0000023A5B71DF90>,263.381,2.6346,3,1,32.7,4,3,19,2,0.625
CHEMBL911,Cc1ccc(-c2nc3ccc(C)cn3c2CC(=O)N(C)C)cc1,1.7,<rdkit.Chem.rdchem.Mol object at 0x0000023A5B71E030>,307.397,3.24884,3,0,37.61,3,4,23,3,0.263157895
CHEMBL70,CN1CC[C@]23c4c5ccc(O)c4O[C@H]2[C@@H](O)C=C[C@H]3[C@H]1C5,2,<rdkit.Chem.rdchem.Mol object at 0x0000023A5B71E0F0>,285.343,1.1981,4,2,52.93,0,4,21,5,0.529411765
CHEMBL47072,CCC(=O)C1(c2cccc(O)c2)CCN(C)CC1,2.3,<rdkit.Chem.rdchem.Mol object at 0x0000023A5B71E150>,247.338,2.3347,3,1,40.54,3,3,18,2,0.533333333
CHEMBL714,CC(C)(C)NCC(O)c1ccc(O)c(CO)c1,2.4,<rdkit.Chem.rdchem.Mol object at 0x0000023A5B71E1B0>,239.315,1.306,4,4,72.72,4,4,17,1,0.538461538
CHEMBL107,COc1cc2c(c(OC)c1OC)-c1ccc(OC)c(=O)cc1[C@@H](NC(C)=O)CC2,58,<rdkit.Chem.rdchem.Mol object at 0x0000023A5B71E210>,399.443,2.8716,6,1,83.09,5,7,29,3,0.363636364
CHEMBL302795,CN1C(C(=O)Nc2ccccn2)=C(O)c2sccc2S1(=O)=O,67,<rdkit.Chem.rdchem.Mol object at 0x0000023A5B71E270>,337.382,1.6425,6,2,99.6,2,9,22,3,0.076923077
CHEMBL485,COc1ccc2c3c1O[C@H]1[C@@H](O)C=C[C@H]4[C@@H](C2)N(C)CC[C@]314,4,<rdkit.Chem.rdchem.Mol object at 0x0000023A5B71E2D0>,299.37,1.5011,4,1,41.93,1,4,22,5,0.555555556
CHEMBL129,Cc1cn([C@H]2C[C@H](N=[N+]=[N-])[C@@H](CO)O2)c(=O)[nH]c1=O,1.3,<rdkit.Chem.rdchem.Mol object at 0x0000023A5B71E330>,267.245,-0.19628,6,2,133.08,3,9,19,2,0.6
CHEMBL389621,C[C@]12C[C@H](O)[C@H]3[C@@H](CCC4=CC(=O)CC[C@@]43C)[C@@H]1CC[C@]2(O)C(=O)CO,1.6,<rdkit.Chem.rdchem.Mol object at 0x0000023A5B71E390>,362.466,1.7816,5,3,94.83,2,5,26,4,0.80952381
CHEMBL188185,CCCC(=O)N1CCCN(c2nc(N)c3cc(OC)c(OC)cc3n2)CC1,2,<rdkit.Chem.rdchem.Mol object at 0x0000023A5B71E3F0>,373.457,2.068,7,1,93.81,5,8,27,3,0.526315789
CHEMBL607,CCOC(=O)C1(c2ccccc2)CCN(C)CC1,7.9,<rdkit.Chem.rdchem.Mol object at 0x0000023A5B71E450>,247.338,2.2131,3,0,29.54,3,3,18,2,0.533333333
CHEMBL853,Nc1ccn([C@H]2CC[C@@H](CO)O2)c(=O)n1,1.2,<rdkit.Chem.rdchem.Mol object at 0x0000023A5B71E4B0>,211.221,-0.5046,6,2,90.37,2,6,15,2,0.555555556
CHEMBL189,Cc1[nH]c(=O)c(C#N)cc1-c1ccncc1,0.8,<rdkit.Chem.rdchem.Mol object at 0x0000023A5B71E510>,211.224,1.617,3,1,69.54,1,4,16,2,0.083333333
CHEMBL306713,C[C@@H](O)[C@H]1C(=O)N2C(C(=O)O)=C(SCCOC(N)=O)S[C@H]12,0.8,<rdkit.Chem.rdchem.Mol object at 0x0000023A5B71E570>,334.375,-0.0193,7,3,130.16,6,10,21,2,0.545454545
CHEMBL279516,O=C(NC1CCN(CCc2c[nH]c3ccccc23)CC1)c1ccccc1,4.3,<rdkit.Chem.rdchem.Mol object at 0x0000023A5B71E630>,347.462,3.6048,2,2,48.13,5,4,26,4,0.318181818
CHEMBL709,COc1cc2nc(N(C)CCCNC(=O)C3CCCO3)nc(N)c2cc1OC,4.8,<rdkit.Chem.rdchem.Mol object at 0x0000023A5B71E690>,389.456,1.3507,8,2,111.83,8,9,28,3,0.526315789
CHEMBL567,OCCN1CCN(CCCN2c3ccccc3Sc3ccc(Cl)cc32)CC1,9.4,<rdkit.Chem.rdchem.Mol object at 0x0000023A5B71E6F0>,403.979,3.9427,5,1,29.95,6,6,27,4,0.428571429
CHEMBL564,CN(C)CCCN1c2ccccc2Sc2ccccc21,7.9,<rdkit.Chem.rdchem.Mol object at 0x0000023A5B71E750>,284.428,4.241,3,0,6.48,4,3,20,3,0.294117647
CHEMBL1220,CCS(=O)(=O)CCn1c([N+](=O)[O-])cnc1C,13,<rdkit.Chem.rdchem.Mol object at 0x0000023A5B71E870>,247.276,0.53442,6,0,95.1,5,8,16,1,0.625
CHEMBL576127,O=C1NCC2(CCN(CCc3ccccc3)CC2)O1,14,<rdkit.Chem.rdchem.Mol object at 0x0000023A5B71E8D0>,260.337,1.8035,3,1,41.57,3,4,19,3,0.533333333
CHEMBL599,Cc1cnc(NC(=O)C2=C(O)c3ccccc3S(=O)(=O)N2C)s1,18,<rdkit.Chem.rdchem.Mol object at 0x0000023A5B71E930>,351.409,1.95092,6,2,99.6,2,9,23,3,0.142857143
CHEMBL277062,O=C1CN=C(c2ccccn2)c2cc(Br)ccc2N1,21,<rdkit.Chem.rdchem.Mol object at 0x0000023A5B71E990>,316.158,2.6336,3,1,54.35,1,5,19,3,0.071428571
CHEMBL941,Cc1ccc(NC(=O)c2ccc(CN3CCN(C)CC3)cc2)cc1Nc1nccc(-c2cccnc2)n1,22,<rdkit.Chem.rdchem.Mol object at 0x0000023A5B71E9F0>,493.615,4.59032,7,2,86.28,7,8,37,5,0.24137931
CHEMBL644,CC(CN(C)C)CN1c2ccccc2CCc2ccccc21,23,<rdkit.Chem.rdchem.Mol object at 0x0000023A5B71EA50>,294.442,4.121,2,0,6.48,4,2,22,3,0.4
CHEMBL415,CN(C)CCCN1c2ccccc2CCc2ccc(Cl)cc21,26,<rdkit.Chem.rdchem.Mol object at 0x0000023A5B71EAB0>,314.86,4.5284,2,0,6.48,4,3,22,3,0.368421053
CHEMBL416146,Cc1ccc(-c2ncc(Cl)cc2-c2ccc(S(C)(=O)=O)cc2)cn1,26,<rdkit.Chem.rdchem.Mol object at 0x0000023A5B71EB10>,358.85,4.17592,4,0,59.92,3,6,24,3,0.111111111
CHEMBL282686,CCO[C@@H](Cc1ccc(OCCc2ccc(OS(C)(=O)=O)cc2)cc1)C(=O)O,45,<rdkit.Chem.rdchem.Mol object at 0x0000023A5B71EB70>,408.472,2.6787,6,1,99.13,11,8,28,2,0.35
CHEMBL363295,CC(CC(c1ccccc1)c1ccccc1)NC(C)(C)C,56,<rdkit.Chem.rdchem.Mol object at 0x0000023A5B71EC90>,281.443,4.9852,1,1,12.03,5,1,21,2,0.4
CHEMBL2092739,CCC1CN2CCC1CC2[C@@H](O)c1ccnc2ccc(OC)cc12,5.7,<rdkit.Chem.rdchem.Mol object at 0x0000023A5B71ECF0>,326.44,3.3972,4,1,45.59,4,4,24,5,0.55
CHEMBL222645,Cc1onc(-c2c(F)cccc2Cl)c1C(=O)N[C@@H]1C(=O)N2[C@@H](C(=O)O)C(C)(C)S[C@H]12,1.4,<rdkit.Chem.rdchem.Mol object at 0x0000023A5B71ED50>,453.879,2.68782,6,2,112.74,4,11,30,4,0.368421053
CHEMBL1477,COCc1c(C(C)C)nc(C(C)C)c(/C=C/[C@@H](O)C[C@@H](O)CC(=O)O)c1-c1ccc(F)cc1,1.8,<rdkit.Chem.rdchem.Mol object at 0x0000023A5B71EDB0>,459.558,4.8807,5,3,99.88,11,7,33,2,0.461538462
CHEMBL152067,CC(C)(C)NCC(O)COc1ccc(NC(=O)NC2CCCCC2)cc1,11,<rdkit.Chem.rdchem.Mol object at 0x0000023A5B71EE70>,363.502,3.2686,4,4,82.62,7,6,26,2,0.65
CHEMBL661,Cc1nnc2n1-c1ccc(Cl)cc1C(c1ccccc1)=NC2,12,<rdkit.Chem.rdchem.Mol object at 0x0000023A5B71EED0>,308.772,3.58012,4,0,43.07,1,5,22,4,0.117647059
CHEMBL51,O=C(c1ccc(F)cc1)C1CCN(CCn2c(=O)[nH]c3ccccc3c2=O)CC1,12,<rdkit.Chem.rdchem.Mol object at 0x0000023A5B71EF30>,395.434,2.4238,5,1,75.17,5,7,29,4,0.318181818
CHEMBL53,CN1CCc2cccc3c2[C@H]1Cc1ccc(O)c(O)c1-3,0.68,<rdkit.Chem.rdchem.Mol object at 0x0000023A5B71EF90>,267.328,2.8499,3,2,43.7,0,3,20,4,0.294117647
CHEMBL29,CC1(C)S[C@@H]2[C@H](NC(=O)Cc3ccccc3)C(=O)N2[C@H]1C(=O)O,0.7,<rdkit.Chem.rdchem.Mol object at 0x0000023A5B71F030>,334.397,0.8608,4,2,86.71,4,7,23,3,0.4375
CHEMBL389847,C[C@@H](O)[C@H]1C(=O)N2C(C(=O)O)=C(S[C@H]3C[C@@H](C(=O)N4CC[C@H](NC(=O)CNC(=N)N)C4)N(C)C3)[C@H](C)[C@H]12,1.7,<rdkit.Chem.rdchem.Mol object at 0x0000023A5B71F090>,537.643,-1.85383,8,6,192.39,8,14,37,4,0.695652174
CHEMBL24646,COc1ccc(-c2nc3cc(C4=NNC(=O)CC4C)ccc3[nH]2)cc1,1.8,<rdkit.Chem.rdchem.Mol object at 0x0000023A5B71F150>,334.379,3.0986,4,2,79.37,3,6,25,4,0.210526316
CHEMBL1727,CC1=C(C(=O)O)N2C(=O)[C@@H](NC(=O)[C@H](N)c3ccccc3)[C@H]2SC1,0.57,<rdkit.Chem.rdchem.Mol object at 0x0000023A5B71F1B0>,347.396,0.4449,5,3,112.73,4,8,24,3,0.3125
CHEMBL494,CC#CCC(C)[C@H](O)/C=C/[C@@H]1[C@H]2C/C(=C/CCCC(=O)O)C[C@H]2C[C@H]1O,0.57,<rdkit.Chem.rdchem.Mol object at 0x0000023A5B71F210>,360.494,3.5413,3,3,77.76,8,4,26,2,0.681818182
CHEMBL148,C[C@@H](O)[C@H]1C(=O)N2C(C(=O)O)=C(SCCNC=N)C[C@H]12,0.95,<rdkit.Chem.rdchem.Mol object at 0x0000023A5B71F270>,299.352,-0.17603,5,4,113.72,7,8,20,2,0.583333333
CHEMBL221886,CN[C@@H]1[C@@H](O)[C@@H](O[C@@H]2[C@@H](O)[C@H](O[C@H]3OC(CN)=CC[C@H]3N)[C@@H](N)C[C@H]2N)OC[C@]1(C)O,2.4,<rdkit.Chem.rdchem.Mol object at 0x0000023A5B71F2D0>,447.533,-3.8515,12,8,213.72,6,12,31,3,0.894736842
CHEMBL152,Nc1ccn(C[C@@H](CO)OCP(=O)(O)O)c(=O)n1,2.6,<rdkit.Chem.rdchem.Mol object at 0x0000023A5B71F330>,279.189,-1.6618,7,4,147.9,6,10,18,1,0.5
CHEMBL1201046,NCc1ccccc1CC(=O)N[C@@H]1C(=O)N2C(C(=O)O)=C(CSc3nnnn3CC(=O)O)CS[C@H]12,3,<rdkit.Chem.rdchem.Mol object at 0x0000023A5B71F450>,519.565,-0.7102,11,4,193.63,10,15,35,4,0.35
CHEMBL708,O=C1Cc2cc(CCN3CCN(c4nsc5ccccc45)CC3)c(Cl)cc2N1,3.1,<rdkit.Chem.rdchem.Mol object at 0x0000023A5B71F510>,412.946,3.809,5,1,48.47,4,7,28,5,0.333333333
CHEMBL273575,CN1Cc2c(N)cccc2C(c2ccccc2)C1,6.5,<rdkit.Chem.rdchem.Mol object at 0x0000023A5B71F570>,238.334,2.8461,2,1,29.26,1,2,18,3,0.25
CHEMBL1278,CNS(=O)(=O)CCc1ccc2[nH]cc(C3CCN(C)CC3)c2c1,6.6,<rdkit.Chem.rdchem.Mol object at 0x0000023A5B71F5D0>,335.473,2.0688,3,2,65.2,5,6,23,3,0.529411765
CHEMBL1294,C=C[C@H]1CN2CC[C@H]1C[C@@H]2[C@@H](O)c1ccnc2ccc(OC)cc12,6.6,<rdkit.Chem.rdchem.Mol object at 0x0000023A5B71F630>,324.424,3.1732,4,1,45.59,4,4,24,5,0.45
CHEMBL274070,CC[C@@]1(O)C(=O)OCc2c1cc1n(c2=O)Cc2cc3c(N)cccc3nc2-1,7,<rdkit.Chem.rdchem.Mol object at 0x0000023A5B71F690>,363.373,1.6618,7,2,107.44,1,7,27,5,0.25
CHEMBL428,N[C@H]1[C@@H]2CN(c3nc4c(cc3F)c(=O)c(C(=O)O)cn4-c3ccc(F)cc3F)C[C@H]12,11,<rdkit.Chem.rdchem.Mol object at 0x0000023A5B71F810>,416.359,1.8945,6,2,101.45,3,10,30,5,0.25
CHEMBL500,CC(C)NCC(O)COc1cccc2[nH]ccc12,2.2,<rdkit.Chem.rdchem.Mol object at 0x0000023A5B71F870>,248.326,1.9056,3,3,57.28,6,4,18,2,0.428571429
CHEMBL451,CNC1=Nc2ccc(Cl)cc2C(c2ccccc2)=[N+]([O-])C1,8.3,<rdkit.Chem.rdchem.Mol object at 0x0000023A5B71F8D0>,299.761,2.9507,3,1,50.46,1,5,21,3,0.125
CHEMBL443,Cc1cc(NS(=O)(=O)c2ccc(N)cc2)no1,9.8,<rdkit.Chem.rdchem.Mol object at 0x0000023A5B71F930>,253.283,1.36602,5,2,98.22,3,7,17,2,0.1
CHEMBL645,CC(C)NCC(O)COc1ccc(COCCOC(C)C)cc1,10,<rdkit.Chem.rdchem.Mol object at 0x0000023A5B71F990>,325.449,2.3659,5,2,59.95,12,5,23,1,0.666666667
CHEMBL1213583,C#C[C@]1(O)C=C[C@H]2[C@@H]3CCC4=CC(=O)CC[C@@H]4[C@H]3CC[C@@]21CC,10,<rdkit.Chem.rdchem.Mol object at 0x0000023A5B71F9F0>,310.437,3.6586,2,1,37.3,1,2,23,4,0.666666667
CHEMBL279229,COc1ccccc1N1CCN(CCCNc2cc(=O)n(C)c(=O)n2C)CC1,3.5,<rdkit.Chem.rdchem.Mol object at 0x0000023A5B71FA50>,387.484,0.7168,8,1,71.74,7,8,28,3,0.5
CHEMBL1185,CN(C)CCc1c[nH]c2ccc(C[C@H]3COC(=O)N3)cc12,3.6,<rdkit.Chem.rdchem.Mol object at 0x0000023A5B71FAB0>,287.363,1.9229,3,2,57.36,5,5,21,3,0.4375
CHEMBL1359,C[C@@H](O)[C@H]1C(=O)N2C(C(=O)O)=C(S[C@@H]3CN[C@H](C(=O)Nc4cccc(C(=O)O)c4)C3)[C@H](C)[C@H]12,3.8,<rdkit.Chem.rdchem.Mol object at 0x0000023A5B71FB10>,475.523,0.9407,7,5,156.27,7,11,33,4,0.454545455
CHEMBL43,COc1cc(NS(C)(=O)=O)ccc1Nc1c2ccccc2nc2ccccc12,4.7,<rdkit.Chem.rdchem.Mol object at 0x0000023A5B71FB70>,393.468,4.5117,5,2,80.32,5,7,28,4,0.095238095
CHEMBL131,C[C@]12C[C@H](O)[C@H]3[C@@H](CCC4=CC(=O)C=C[C@@]43C)[C@@H]1CC[C@]2(O)C(=O)CO,3.4,<rdkit.Chem.rdchem.Mol object at 0x0000023A5B71FC90>,360.45,1.5576,5,3,94.83,2,5,26,4,0.714285714
CHEMBL956,CC(C(=O)O)c1ccc(C(=O)c2cccs2)cc1,2.1,<rdkit.Chem.rdchem.Mol object at 0x0000023A5B71FCF0>,260.314,3.1672,3,1,54.37,4,4,18,2,0.142857143
CHEMBL1069,CCCCC(=O)N(Cc1ccc(-c2ccccc2-c2nnn[nH]2)cc1)[C@H](C(=O)O)C(C)C,9.5,<rdkit.Chem.rdchem.Mol object at 0x0000023A5B71FD50>,435.528,4.1617,5,2,112.07,10,8,32,3,0.375
CHEMBL315838,COc1ccc(C(=O)Nc2ccccc2CCC2CCCCN2C)cc1,2.6,<rdkit.Chem.rdchem.Mol object at 0x0000023A5B71FDB0>,352.478,4.3644,3,1,41.57,6,4,26,3,0.409090909
CHEMBL1648,COC(=O)C1=C(C)NC(C)=C(C(=O)OC(C)C)C1c1cccc2nonc12,3.3,<rdkit.Chem.rdchem.Mol object at 0x0000023A5B71FE10>,371.393,2.5822,8,1,103.55,4,8,27,3,0.368421053
CHEMBL23,COc1ccc([C@@H]2Sc3ccccc3N(CCN(C)C)C(=O)[C@@H]2OC(C)=O)cc1,5.6,<rdkit.Chem.rdchem.Mol object at 0x0000023A5B71FED0>,414.527,3.3685,6,0,59.08,6,7,29,3,0.363636364
CHEMBL483,C[C@H](Cn1cnc2c(N)ncnc21)OCP(=O)(O)O,5.8,<rdkit.Chem.rdchem.Mol object at 0x0000023A5B71FF30>,287.216,-0.0512,7,3,136.38,5,10,19,2,0.444444444
CHEMBL2,COc1cc2nc(N3CCN(C(=O)c4ccco4)CC3)nc(N)c2cc1OC,2,<rdkit.Chem.rdchem.Mol object at 0x0000023A5B71FF90>,383.408,1.7846,8,1,106.95,4,9,28,4,0.315789474
CHEMBL1491,CCOC(=O)C1=C(COCCN)NC(C)=C(C(=O)OC)C1c1ccccc1Cl,34,<rdkit.Chem.rdchem.Mol object at 0x0000023A5B720030>,408.882,2.2663,7,2,99.88,8,8,28,2,0.4
CHEMBL384467,C[C@@H]1C[C@H]2[C@@H]3CCC4=CC(=O)C=C[C@]4(C)[C@@]3(F)[C@@H](O)C[C@]2(C)[C@@]1(O)C(=O)CO,3.7,<rdkit.Chem.rdchem.Mol object at 0x0000023A5B7200F0>,392.467,1.8957,5,3,94.83,2,6,28,4,0.727272727
CHEMBL1187846,CN1[C@H]2C[C@H](OC(=O)[C@H](CO)c3ccccc3)C[C@@H]1[C@@H]1O[C@H]12,4.5,<rdkit.Chem.rdchem.Mol object at 0x0000023A5B720150>,303.358,0.9181,5,1,62.3,4,5,22,4,0.588235294
CHEMBL429,CC(CCc1ccccc1)NCC(O)c1ccc(O)c(C(N)=O)c1,4.4,<rdkit.Chem.rdchem.Mol object at 0x0000023A5B7202D0>,328.412,2.1354,4,4,95.58,8,5,24,2,0.315789474
CHEMBL528,CO/N=C(\C(=O)N[C@@H]1C(=O)N2C(C(=O)O)=CCS[C@H]12)c1csc(N)n1,1.5,<rdkit.Chem.rdchem.Mol object at 0x0000023A5B720390>,383.411,-0.5558,9,3,147.21,5,12,25,3,0.307692308
CHEMBL768,COC(=O)CCc1ccc(OCC(O)CNC(C)C)cc1,0.15,<rdkit.Chem.rdchem.Mol object at 0x0000023A5B7203F0>,295.379,1.5299,5,2,67.79,9,5,21,1,0.5625
CHEMBL629,CN(C)CCC=C1c2ccccc2CCc2ccccc21,17,<rdkit.Chem.rdchem.Mol object at 0x0000023A5B7204B0>,277.411,4.1686,1,0,3.24,3,1,21,3,0.3
CHEMBL325041,CC(C)C[C@H](NC(=O)[C@H](Cc1ccccc1)NC(=O)c1cnccn1)B(O)O,18,<rdkit.Chem.rdchem.Mol object at 0x0000023A5B720510>,384.245,0.3606,6,4,124.44,9,9,28,2,0.368421053
CHEMBL1279,CN[C@@H]1CCc2[nH]c3ccc(C(N)=O)cc3c2C1,24,<rdkit.Chem.rdchem.Mol object at 0x0000023A5B720570>,243.31,1.3435,2,3,70.91,2,4,18,3,0.357142857
CHEMBL361497,C[C@@H]1CC[C@H]2[C@@H](C)[C@H](OC(=O)CCC(=O)O)O[C@@H]3O[C@@]4(C)CC[C@@H]1[C@@]23OO4,0.22,<rdkit.Chem.rdchem.Mol object at 0x0000023A5B7205D0>,384.425,2.6024,7,1,100.52,4,8,27,5,0.894736842
CHEMBL1201368,CCC[C@H](N[C@@H](C)C(=O)N1[C@H](C(=O)O)C[C@@H]2CCCC[C@@H]21)C(=O)O,29,<rdkit.Chem.rdchem.Mol object at 0x0000023A5B720750>,340.42,1.4621,4,3,106.94,7,7,24,2,0.823529412
CHEMBL445,CNCCC=C1c2ccccc2CCc2ccccc21,30,<rdkit.Chem.rdchem.Mol object at 0x0000023A5B7207B0>,263.384,3.8264,1,1,12.03,3,1,20,3,0.263157895
CHEMBL997,CCCCCN(C)CCC(O)(P(=O)(O)O)P(=O)(O)O,14,<rdkit.Chem.rdchem.Mol object at 0x0000023A5B720870>,319.231,0.5,4,5,138.53,9,10,19,0,1
CHEMBL658,CCC(=O)N(c1ccccc1)C1(COC)CCN(CCc2cccs2)CC1,14,<rdkit.Chem.rdchem.Mol object at 0x0000023A5B7208D0>,386.561,4.2148,4,0,32.78,8,5,27,3,0.5
CHEMBL1628227,CN(C)CCC=C1c2ccccc2COc2ccccc21,15,<rdkit.Chem.rdchem.Mol object at 0x0000023A5B720930>,279.383,3.9624,2,0,12.47,3,2,21,3,0.263157895
CHEMBL1444,N#Cc1ccc(C(c2ccc(C#N)cc2)n2cncn2)cc1,45,<rdkit.Chem.rdchem.Mol object at 0x0000023A5B7209F0>,285.31,2.65916,5,0,78.29,3,5,22,3,0.058823529
CHEMBL1643,NC(=O)c1ncn([C@@H]2O[C@H](CO)[C@@H](O)[C@H]2O)n1,45,<rdkit.Chem.rdchem.Mol object at 0x0000023A5B720A50>,244.207,-3.0115,8,4,143.72,3,9,17,2,0.625
CHEMBL498,CCCNC(=O)NS(=O)(=O)c1ccc(Cl)cc1,46,<rdkit.Chem.rdchem.Mol object at 0x0000023A5B720AB0>,276.745,1.7379,3,2,75.27,4,7,17,1,0.3
CHEMBL1535,CCN(CCO)CCCC(C)Nc1ccnc2cc(Cl)ccc12,850,<rdkit.Chem.rdchem.Mol object at 0x0000023A5B720B70>,335.879,3.783,4,2,48.39,9,5,23,2,0.5
CHEMBL1540,Nc1nc(O)c2ncn(CCC(CO)CO)c2n1,2.1,<rdkit.Chem.rdchem.Mol object at 0x0000023A5B720BD0>,253.262,-0.895,8,4,130.31,5,8,18,2,0.5
CHEMBL1763,NS(=O)(=O)c1cc2c(cc1C(F)(F)F)NCNS2(=O)=O,5.2,<rdkit.Chem.rdchem.Mol object at 0x0000023A5B720CF0>,331.297,0.0141,5,3,118.36,1,12,20,2,0.25
CHEMBL278255,NC1CCN(c2c(F)cc3c(=O)c(C(=O)O)cn(C4CC4)c3c2Cl)C1,5.4,<rdkit.Chem.rdchem.Mol object at 0x0000023A5B720D50>,365.792,2.3645,5,2,88.56,3,8,25,4,0.411764706
CHEMBL24,CC(C)NCC(O)COc1ccc(CC(N)=O)cc1,6.1,<rdkit.Chem.rdchem.Mol object at 0x0000023A5B720DB0>,266.341,0.4521,4,3,84.58,8,5,19,1,0.5
CHEMBL153774,CN(C)CCNc1ccc2c3c(nn2CCNCCO)-c2cnccc2C(=O)c13,45,<rdkit.Chem.rdchem.Mol object at 0x0000023A5B720E10>,394.479,1.1981,8,3,95.31,9,8,29,4,0.380952381
CHEMBL6622,O=[N+]([O-])O[C@H]1CO[C@H]2[C@@H]1OC[C@H]2O[N+](=O)[O-],1.69,<rdkit.Chem.rdchem.Mol object at 0x0000023A5B720E70>,236.136,-1.0622,8,0,123.2,4,10,16,2,1
CHEMBL30,CN/C(=N/CCSCc1nc[nH]c1C)NC#N,2.2,<rdkit.Chem.rdchem.Mol object at 0x0000023A5B720ED0>,252.347,0.5974,4,3,88.89,5,7,17,1,0.5
CHEMBL126,CC(=O)NC[C@H]1CN(c2ccc(N3CCOCC3)c(F)c2)C(=O)O1,4.5,<rdkit.Chem.rdchem.Mol object at 0x0000023A5B721030>,337.351,1.1236,5,1,71.11,4,8,24,3,0.5
CHEMBL130,O=C(N[C@H](CO)[C@H](O)c1ccc([N+](=O)[O-])cc1)C(Cl)Cl,4.6,<rdkit.Chem.rdchem.Mol object at 0x0000023A5B721090>,323.132,0.909,5,3,112.7,6,9,20,1,0.363636364
CHEMBL32479,Cc1nnc2n1-c1sc(Br)cc1C(c1ccccc1Cl)=NC2,4.8,<rdkit.Chem.rdchem.Mol object at 0x0000023A5B721150>,393.697,4.40412,5,0,43.07,1,7,22,4,0.133333333
CHEMBL22097,CN1C(=O)C(O)N=C(c2ccccc2Cl)c2cc(Cl)ccc21,4.9,<rdkit.Chem.rdchem.Mol object at 0x0000023A5B7211B0>,335.19,3.1256,3,1,52.9,1,6,22,3,0.125
CHEMBL641,CNCC[C@@H](Oc1ccccc1C)c1ccccc1,5.2,<rdkit.Chem.rdchem.Mol object at 0x0000023A5B721210>,255.361,3.72462,2,1,21.26,6,2,19,2,0.294117647
CHEMBL1110,Cc1[nH]cnc1CN1CCc2c(c3ccccc3n2C)C1=O,1.6,<rdkit.Chem.rdchem.Mol object at 0x0000023A5B721270>,294.358,2.40832,3,1,53.92,2,5,22,4,0.294117647
CHEMBL324090,COc1cc2c(cc1OC)CN(c1cc(N)c3cc(OC)c(OC)cc3n1)CC2,5.9,<rdkit.Chem.rdchem.Mol object at 0x0000023A5B7212D0>,395.459,3.4141,7,1,79.07,5,7,29,4,0.318181818
CHEMBL832,O=C1C(CC[S+]([O-])c2ccccc2)C(=O)N(c2ccccc2)N1c1ccccc1,6.2,<rdkit.Chem.rdchem.Mol object at 0x0000023A5B721390>,404.491,3.7955,3,0,63.68,6,6,29,4,0.130434783
CHEMBL1231,CCN(CC)CC#CCOC(=O)C(O)(c1ccccc1)C1CCCCC1,7.2,<rdkit.Chem.rdchem.Mol object at 0x0000023A5B7213F0>,357.494,3.3429,4,1,49.77,7,4,26,2,0.590909091
CHEMBL87045,c1ccc(C2(c3ccccc3)CC2C2=NCCN2)cc1,7.3,<rdkit.Chem.rdchem.Mol object at 0x0000023A5B721450>,262.356,2.9943,2,1,24.39,3,2,20,4,0.277777778
CHEMBL134,Clc1cccc(Cl)c1N=C1NCCN1,7.6,<rdkit.Chem.rdchem.Mol object at 0x0000023A5B7214B0>,230.098,2.1737,1,2,36.42,1,5,14,2,0.222222222
CHEMBL1005,CCC(=O)N(c1ccccc1)C1(C(=O)OC)CCN(CCC(=O)OC)CC1,0.8,<rdkit.Chem.rdchem.Mol object at 0x0000023A5B721510>,376.453,2.0003,6,0,76.15,7,7,27,2,0.55
CHEMBL1604,CC1=C(C(=O)O)N2C(=O)[C@@H](NC(=O)[C@H](N)C3=CCC=CC3)[C@H]2SC1,0.85,<rdkit.Chem.rdchem.Mol object at 0x0000023A5B721570>,349.412,0.3486,5,3,112.73,4,8,24,3,0.4375
CHEMBL32800,CC(Cc1ccc(O)cc1)NCC(O)c1cc(O)cc(O)c1,0.87,<rdkit.Chem.rdchem.Mol object at 0x0000023A5B7215D0>,303.358,2.0576,5,5,92.95,6,5,22,2,0.294117647
CHEMBL1790041,CNC(=C[N+](=O)[O-])NCCSCc1ccc(CN(C)C)o1,2.1,<rdkit.Chem.rdchem.Mol object at 0x0000023A5B721750>,314.411,1.459,7,2,83.58,10,8,21,1,0.538461538
CHEMBL511115,COc1ccc([C@]2(C#N)CC[C@@H](C(=O)O)CC2)cc1OC1CCCC1,7.9,<rdkit.Chem.rdchem.Mol object at 0x0000023A5B7217B0>,343.423,4.05278,4,1,79.55,5,5,25,3,0.6
CHEMBL473,CN(CCOc1ccc(NS(C)(=O)=O)cc1)CCc1ccc(NS(C)(=O)=O)cc1,8.1,<rdkit.Chem.rdchem.Mol object at 0x0000023A5B721810>,441.575,1.9829,6,2,104.81,11,10,29,2,0.368421053
CHEMBL432103,CC1CCCC(C)N1CCCC(O)(c1ccccc1)c1ccccn1,8.4,<rdkit.Chem.rdchem.Mol object at 0x0000023A5B721870>,338.495,4.3606,3,1,36.36,6,3,25,3,0.5
CHEMBL255044,CCOC(=O)Nc1ccc(NCc2ccc(F)cc2)nc1N,8.5,<rdkit.Chem.rdchem.Mol object at 0x0000023A5B7218D0>,304.325,2.9834,5,3,89.27,5,7,22,2,0.2
CHEMBL1237046,CN(C)[C@@H]1C(O)=C(C(=O)NCN2CCCC2)C(=O)[C@@]2(O)C(O)=C3C(=O)c4c(O)cccc4[C@@](C)(O)[C@H]3C[C@@H]12,8.8,<rdkit.Chem.rdchem.Mol object at 0x0000023A5B721990>,527.574,0.4698,10,6,170.87,4,11,38,5,0.518518519
CHEMBL2220442,CC(C)n1c(/C=C/C(O)CC(O)CC(=O)O)c(-c2ccc(F)cc2)c2ccccc21,0.7,<rdkit.Chem.rdchem.Mol object at 0x0000023A5B7219F0>,411.473,4.6281,4,3,82.69,8,6,30,3,0.291666667
CHEMBL1760,CC(C)(C)NCC(O)c1cc(O)cc(O)c1,15,<rdkit.Chem.rdchem.Mol object at 0x0000023A5B721A50>,225.288,1.5193,4,4,72.72,3,4,16,1,0.5
CHEMBL1514,CC[C@H](OC(C)=O)C(C[C@H](C)N(C)C)(c1ccccc1)c1ccccc1,18,<rdkit.Chem.rdchem.Mol object at 0x0000023A5B721AB0>,353.506,4.6546,3,0,29.54,8,3,26,2,0.434782609
CHEMBL691,C#C[C@]1(O)CC[C@H]2[C@@H]3CCc4cc(O)ccc4[C@H]3CC[C@@]21C,9.7,<rdkit.Chem.rdchem.Mol object at 0x0000023A5B721B70>,296.41,3.6126,2,2,40.46,0,2,22,4,0.6
CHEMBL1324,Cc1ccc(C(=O)c2cc(O)c(O)c([N+](=O)[O-])c2)cc1,1.1,<rdkit.Chem.rdchem.Mol object at 0x0000023A5B721BD0>,273.244,2.54542,5,2,100.67,3,6,20,2,0.071428571
CHEMBL530,CC1(C)S[C@@H]2[C@H](/N=C/N3CCCCCC3)C(=O)N2[C@H]1C(=O)O,1.1,<rdkit.Chem.rdchem.Mol object at 0x0000023A5B721C30>,325.434,1.4062,4,1,73.21,3,7,22,3,0.8
CHEMBL685,COC(=O)Nc1nc2ccc(C(=O)c3ccccc3)cc2[nH]1,1.1,<rdkit.Chem.rdchem.Mol object at 0x0000023A5B721C90>,295.298,2.9722,4,2,84.08,3,6,22,3,0.0625
CHEMBL1517,CN(C)[C@@H]1C(O)=C(C(N)=O)C(=O)[C@@]2(O)C(O)=C3C(=O)c4c(O)cccc4[C@@](C)(O)[C@H]3[C@H](O)[C@@H]12,10,<rdkit.Chem.rdchem.Mol object at 0x0000023A5B721CF0>,460.439,-1.2436,10,7,201.85,2,11,33,4,0.409090909
CHEMBL621,O=c1n(CCCN2CCN(c3cccc(Cl)c3)CC2)nc2ccccn12,7.3,<rdkit.Chem.rdchem.Mol object at 0x0000023A5B721E10>,371.872,2.3617,6,0,45.78,5,7,26,4,0.368421053
CHEMBL4,CC1COc2c(N3CCN(C)CC3)c(F)cc3c(=O)c(C(=O)O)cn1c23,8.9,<rdkit.Chem.rdchem.Mol object at 0x0000023A5B721ED0>,361.373,1.544,6,1,75.01,2,8,26,4,0.444444444
CHEMBL1389,C#C[C@]1(O)CC[C@H]2[C@@H]3CCC4=CC(=O)CC[C@@H]4[C@H]3CC[C@@]21CC,9.4,<rdkit.Chem.rdchem.Mol object at 0x0000023A5B721F30>,312.453,3.8826,2,1,37.3,1,2,23,4,0.761904762
CHEMBL46,Cc1nccn1CC1CCc2c(c3ccccc3n2C)C1=O,3.4,<rdkit.Chem.rdchem.Mol object at 0x0000023A5B722030>,293.37,3.12852,4,0,39.82,2,4,22,4,0.333333333
CHEMBL539456,CN(C)CCCN1c2ccccc2CCc2cc(O)ccc21,10,<rdkit.Chem.rdchem.Mol object at 0x0000023A5B722090>,296.414,3.5806,3,1,26.71,4,3,22,3,0.368421053
CHEMBL550781,CCCCCN(CCCOC)C(=O)[C@@H](CCC(=O)O)NC(=O)c1ccc(Cl)c(Cl)c1,1.2,<rdkit.Chem.rdchem.Mol object at 0x0000023A5B722150>,461.386,4.0119,4,2,95.94,14,9,30,1,0.571428571
CHEMBL108821,N[C@@H]1CN(c2c(F)cc3c(=O)c(C(=O)O)cn([C@@H]4C[C@@H]4F)c3c2Cl)CC12CC2,6.6,<rdkit.Chem.rdchem.Mol object at 0x0000023A5B7221B0>,409.82,2.7026,5,2,88.56,3,9,28,5,0.473684211
CHEMBL1370,CCCC1O[C@@H]2C[C@H]3[C@@H]4CCC5=CC(=O)C=C[C@]5(C)[C@H]4[C@@H](O)C[C@]3(C)[C@]2(C(=O)CO)O1,2.8,<rdkit.Chem.rdchem.Mol object at 0x0000023A5B7222D0>,430.541,2.7168,6,2,93.06,4,6,31,5,0.76
CHEMBL515,O=C(O)CCCc1ccc(N(CCCl)CCCl)cc1,1.1,<rdkit.Chem.rdchem.Mol object at 0x0000023A5B722330>,304.217,3.3779,2,1,40.54,9,5,19,1,0.5
CHEMBL290194,C=CCN1CCCC1CNC(=O)c1cc2nn[nH]c2cc1OC,2.8,<rdkit.Chem.rdchem.Mol object at 0x0000023A5B722390>,315.377,1.3467,5,2,83.14,6,7,23,3,0.4375
CHEMBL177756,O=C(O)c1ccccc1-c1c2ccc(=O)cc-2oc2cc(O)ccc12,1.6,<rdkit.Chem.rdchem.Mol object at 0x0000023A5B7223F0>,332.311,3.9686,4,2,87.74,2,5,25,4,0
CHEMBL222813,CC(=O)N[C@@H]1[C@@H](NC(=N)N)C=C(C(=O)O)O[C@H]1[C@H](O)[C@H](O)CO,1.7,<rdkit.Chem.rdchem.Mol object at 0x0000023A5B722450>,332.313,-3.57583,7,8,198.22,6,11,23,1,0.583333333
CHEMBL1167,CN[C@H]1[C@@H](O)[C@@H](NC)[C@H](O)[C@H]2O[C@@H]3O[C@H](C)CC(=O)[C@]3(O)O[C@H]12,1.8,<rdkit.Chem.rdchem.Mol object at 0x0000023A5B7224B0>,332.353,-2.9256,9,5,129.51,2,9,23,3,0.928571429
CHEMBL1201112,COc1nc(N)nc2c1ncn2[C@@H]1O[C@H](CO)[C@@H](O)[C@@H]1O,0.5,<rdkit.Chem.rdchem.Mol object at 0x0000023A5B722510>,297.271,-1.9714,10,4,148.77,3,10,21,3,0.545454545
CHEMBL634,CCC(=O)N(c1ccccc1)C1(COC)CCN(CCn2nnn(CC)c2=O)CC1,1.6,<rdkit.Chem.rdchem.Mol object at 0x0000023A5B722570>,416.526,1.3839,8,0,85.49,9,9,30,3,0.619047619
CHEMBL1130,C[C@H]1O[C@@H](n2cc(F)c(=O)[nH]c2=O)[C@H](O)[C@@H]1O,0.35,<rdkit.Chem.rdchem.Mol object at 0x0000023A5B7225D0>,246.194,-1.6852,6,3,104.55,1,8,17,2,0.555555556
CHEMBL314010,COc1ccc(CCNCC(O)COc2cccc(C)c2)cc1OC,1.9,<rdkit.Chem.rdchem.Mol object at 0x0000023A5B722630>,345.439,2.58422,5,2,59.95,10,5,25,2,0.4
CHEMBL513,O=NN(CCCl)C(=O)NCCCl,0.37,<rdkit.Chem.rdchem.Mol object at 0x0000023A5B722690>,214.052,1.157,3,1,61.77,5,7,12,0,0.8
CHEMBL1614637,CC(Oc1ccccc1)C(=O)N[C@@H]1C(=O)N2[C@@H](C(=O)O)C(C)(C)S[C@H]12,0.91,<rdkit.Chem.rdchem.Mol object at 0x0000023A5B7226F0>,364.423,1.0856,5,2,95.94,5,8,25,3,0.470588235
CHEMBL617,CC(=O)OCC1=C(C(=O)O)N2C(=O)[C@@H](NC(=O)Cc3cccs3)[C@H]2SC1,0.95,<rdkit.Chem.rdchem.Mol object at 0x0000023A5B722750>,396.446,0.5923,7,2,113.01,6,10,26,3,0.375
CHEMBL1503,COc1ccc2[nH]c([S+]([O-])Cc3ncc(C)c(OC)c3C)nc2c1,0.58,<rdkit.Chem.rdchem.Mol object at 0x0000023A5B7228D0>,345.424,2.89974,5,1,83.09,5,7,24,3,0.294117647
CHEMBL568,O=C1Nc2ccc(Cl)cc2C(c2ccccc2)=NC1O,6.7,<rdkit.Chem.rdchem.Mol object at 0x0000023A5B722A50>,286.718,2.4479,3,2,61.69,1,5,20,3,0.066666667
CHEMBL13209,O=C1CN=C(c2ccccc2)c2cc([N+](=O)[O-])ccc2N1,26,<rdkit.Chem.rdchem.Mol object at 0x0000023A5B722AB0>,281.271,2.3843,4,1,84.6,2,6,21,3,0.066666667
CHEMBL834,NCCC(O)(P(=O)(O)O)P(=O)(O)O,32,<rdkit.Chem.rdchem.Mol object at 0x0000023A5B722B10>,235.069,-1.6633,4,6,161.31,4,10,13,0,1
CHEMBL1213351,CCC(=O)O[C@](Cc1ccccc1)(c1ccccc1)[C@H](C)CN(C)C,18,<rdkit.Chem.rdchem.Mol object at 0x0000023A5B722B70>,339.479,4.2755,3,0,29.54,8,3,25,2,0.409090909
CHEMBL448,CCCC(C)C1(CC)C(=O)NC(=O)NC1=O,22,<rdkit.Chem.rdchem.Mol object at 0x0000023A5B722C30>,226.276,1.185,3,2,75.27,4,5,16,1,0.727272727
